2025-10-21T00:25:14.458+05:30  INFO 3585 --- [SpringApplicationShutdownHook] o.s.b.w.e.tomcat.GracefulShutdown        : Commencing graceful shutdown. Waiting for active requests to complete
2025-10-21T00:25:14.468+05:30  INFO 3585 --- [tomcat-shutdown] o.s.b.w.e.tomcat.GracefulShutdown        : Graceful shutdown complete
2025-10-21T00:25:14.474+05:30  INFO 3585 --- [SpringApplicationShutdownHook] j.LocalContainerEntityManagerFactoryBean : Closing JPA EntityManagerFactory for persistence unit 'default'
2025-10-21T00:25:14.476+05:30  INFO 3585 --- [SpringApplicationShutdownHook] com.zaxxer.hikari.HikariDataSource       : HikariPool-1 - Shutdown initiated...
2025-10-21T00:25:14.479+05:30  INFO 3585 --- [SpringApplicationShutdownHook] com.zaxxer.hikari.HikariDataSource       : HikariPool-1 - Shutdown completed.
2025-10-21T00:25:18.611+05:30  INFO 4040 --- [main] c.e.ecommerce.EcommerceApplication       : Starting EcommerceApplication using Java 17.0.16 with PID 4040 (/Users/juheesaxena/ShopEase-Ecommerce/target/classes started by juheesaxena in /Users/juheesaxena/ShopEase-Ecommerce)
2025-10-21T00:25:18.612+05:30 DEBUG 4040 --- [main] c.e.ecommerce.EcommerceApplication       : Running with Spring Boot v3.4.4, Spring v6.2.5
2025-10-21T00:25:18.612+05:30  INFO 4040 --- [main] c.e.ecommerce.EcommerceApplication       : No active profile set, falling back to 1 default profile: "default"
2025-10-21T00:25:18.815+05:30  INFO 4040 --- [main] .s.d.r.c.RepositoryConfigurationDelegate : Bootstrapping Spring Data JPA repositories in DEFAULT mode.
2025-10-21T00:25:18.845+05:30  INFO 4040 --- [main] .s.d.r.c.RepositoryConfigurationDelegate : Finished Spring Data repository scanning in 26 ms. Found 13 JPA repository interfaces.
2025-10-21T00:25:19.008+05:30  INFO 4040 --- [main] o.s.b.w.embedded.tomcat.TomcatWebServer  : Tomcat initialized with port 8080 (http)
2025-10-21T00:25:19.012+05:30  INFO 4040 --- [main] o.apache.catalina.core.StandardService   : Starting service [Tomcat]
2025-10-21T00:25:19.012+05:30  INFO 4040 --- [main] o.apache.catalina.core.StandardEngine    : Starting Servlet engine: [Apache Tomcat/10.1.39]
2025-10-21T00:25:19.027+05:30  INFO 4040 --- [main] o.a.c.c.C.[Tomcat].[localhost].[/]       : Initializing Spring embedded WebApplicationContext
2025-10-21T00:25:19.028+05:30  INFO 4040 --- [main] w.s.c.ServletWebServerApplicationContext : Root WebApplicationContext: initialization completed in 404 ms
2025-10-21T00:25:19.077+05:30  INFO 4040 --- [main] o.hibernate.jpa.internal.util.LogHelper  : HHH000204: Processing PersistenceUnitInfo [name: default]
2025-10-21T00:25:19.100+05:30  INFO 4040 --- [main] org.hibernate.Version                    : HHH000412: Hibernate ORM core version 6.6.11.Final
2025-10-21T00:25:19.109+05:30  INFO 4040 --- [main] o.h.c.internal.RegionFactoryInitiator    : HHH000026: Second-level cache disabled
2025-10-21T00:25:19.183+05:30  INFO 4040 --- [main] o.s.o.j.p.SpringPersistenceUnitInfo      : No LoadTimeWeaver setup: ignoring JPA class transformer
2025-10-21T00:25:19.192+05:30  INFO 4040 --- [main] com.zaxxer.hikari.HikariDataSource       : HikariPool-1 - Starting...
2025-10-21T00:25:19.249+05:30  INFO 4040 --- [main] com.zaxxer.hikari.pool.HikariPool        : HikariPool-1 - Added connection com.mysql.cj.jdbc.ConnectionImpl@745926c3
2025-10-21T00:25:19.250+05:30  INFO 4040 --- [main] com.zaxxer.hikari.HikariDataSource       : HikariPool-1 - Start completed.
2025-10-21T00:25:19.268+05:30  WARN 4040 --- [main] org.hibernate.orm.deprecation            : HHH90000025: MySQL8Dialect does not need to be specified explicitly using 'hibernate.dialect' (remove the property setting and it will be selected by default)
2025-10-21T00:25:19.268+05:30  WARN 4040 --- [main] org.hibernate.orm.deprecation            : HHH90000026: MySQL8Dialect has been deprecated; use org.hibernate.dialect.MySQLDialect instead
2025-10-21T00:25:19.274+05:30  INFO 4040 --- [main] org.hibernate.orm.connections.pooling    : HHH10001005: Database info:
	Database JDBC URL [Connecting through datasource 'HikariDataSource (HikariPool-1)']
	Database driver: undefined/unknown
	Database version: 8.0
	Autocommit mode: undefined/unknown
	Isolation level: undefined/unknown
	Minimum pool size: undefined/unknown
	Maximum pool size: undefined/unknown
2025-10-21T00:25:19.602+05:30  INFO 4040 --- [main] o.h.e.t.j.p.i.JtaPlatformInitiator       : HHH000489: No JTA platform available (set 'hibernate.transaction.jta.platform' to enable JTA platform integration)
2025-10-21T00:25:19.660+05:30  INFO 4040 --- [main] j.LocalContainerEntityManagerFactoryBean : Initialized JPA EntityManagerFactory for persistence unit 'default'
2025-10-21T00:25:19.735+05:30  INFO 4040 --- [main] o.s.d.j.r.query.QueryEnhancerFactory     : Hibernate is in classpath; If applicable, HQL parser will be used.
2025-10-21T00:25:19.741+05:30  WARN 4040 --- [main] ConfigServletWebServerApplicationContext : Exception encountered during context initialization - cancelling refresh attempt: org.springframework.beans.factory.UnsatisfiedDependencyException: Error creating bean with name 'adminInitializer': Unsatisfied dependency expressed through field 'adminRepository': Error creating bean with name 'adminRepository' defined in com.example.ecommerce.repository.AdminRepository defined in @EnableJpaRepositories declared on JpaRepositoriesRegistrar.EnableJpaRepositoriesConfiguration: Could not create query for public abstract java.util.Optional com.example.ecommerce.repository.AdminRepository.findByEmail(java.lang.String); Reason: Failed to create query for method public abstract java.util.Optional com.example.ecommerce.repository.AdminRepository.findByEmail(java.lang.String); No property 'email' found for type 'Admin'
2025-10-21T00:25:19.741+05:30  INFO 4040 --- [main] j.LocalContainerEntityManagerFactoryBean : Closing JPA EntityManagerFactory for persistence unit 'default'
2025-10-21T00:25:19.743+05:30  INFO 4040 --- [main] com.zaxxer.hikari.HikariDataSource       : HikariPool-1 - Shutdown initiated...
2025-10-21T00:25:19.745+05:30  INFO 4040 --- [main] com.zaxxer.hikari.HikariDataSource       : HikariPool-1 - Shutdown completed.
2025-10-21T00:25:19.745+05:30  INFO 4040 --- [main] o.apache.catalina.core.StandardService   : Stopping service [Tomcat]
2025-10-21T00:25:19.750+05:30  INFO 4040 --- [main] .s.b.a.l.ConditionEvaluationReportLogger : 

Error starting ApplicationContext. To display the condition evaluation report re-run your application with 'debug' enabled.
2025-10-21T00:25:19.755+05:30 ERROR 4040 --- [main] o.s.boot.SpringApplication               : Application run failed

org.springframework.beans.factory.UnsatisfiedDependencyException: Error creating bean with name 'adminInitializer': Unsatisfied dependency expressed through field 'adminRepository': Error creating bean with name 'adminRepository' defined in com.example.ecommerce.repository.AdminRepository defined in @EnableJpaRepositories declared on JpaRepositoriesRegistrar.EnableJpaRepositoriesConfiguration: Could not create query for public abstract java.util.Optional com.example.ecommerce.repository.AdminRepository.findByEmail(java.lang.String); Reason: Failed to create query for method public abstract java.util.Optional com.example.ecommerce.repository.AdminRepository.findByEmail(java.lang.String); No property 'email' found for type 'Admin'
	at org.springframework.beans.factory.annotation.AutowiredAnnotationBeanPostProcessor$AutowiredFieldElement.resolveFieldValue(AutowiredAnnotationBeanPostProcessor.java:788) ~[spring-beans-6.2.5.jar:6.2.5]
	at org.springframework.beans.factory.annotation.AutowiredAnnotationBeanPostProcessor$AutowiredFieldElement.inject(AutowiredAnnotationBeanPostProcessor.java:768) ~[spring-beans-6.2.5.jar:6.2.5]
	at org.springframework.beans.factory.annotation.InjectionMetadata.inject(InjectionMetadata.java:146) ~[spring-beans-6.2.5.jar:6.2.5]
	at org.springframework.beans.factory.annotation.AutowiredAnnotationBeanPostProcessor.postProcessProperties(AutowiredAnnotationBeanPostProcessor.java:509) ~[spring-beans-6.2.5.jar:6.2.5]
	at org.springframework.beans.factory.support.AbstractAutowireCapableBeanFactory.populateBean(AbstractAutowireCapableBeanFactory.java:1445) ~[spring-beans-6.2.5.jar:6.2.5]
	at org.springframework.beans.factory.support.AbstractAutowireCapableBeanFactory.doCreateBean(AbstractAutowireCapableBeanFactory.java:600) ~[spring-beans-6.2.5.jar:6.2.5]
	at org.springframework.beans.factory.support.AbstractAutowireCapableBeanFactory.createBean(AbstractAutowireCapableBeanFactory.java:523) ~[spring-beans-6.2.5.jar:6.2.5]
	at org.springframework.beans.factory.support.AbstractBeanFactory.lambda$doGetBean$0(AbstractBeanFactory.java:339) ~[spring-beans-6.2.5.jar:6.2.5]
	at org.springframework.beans.factory.support.DefaultSingletonBeanRegistry.getSingleton(DefaultSingletonBeanRegistry.java:347) ~[spring-beans-6.2.5.jar:6.2.5]
	at org.springframework.beans.factory.support.AbstractBeanFactory.doGetBean(AbstractBeanFactory.java:337) ~[spring-beans-6.2.5.jar:6.2.5]
	at org.springframework.beans.factory.support.AbstractBeanFactory.getBean(AbstractBeanFactory.java:202) ~[spring-beans-6.2.5.jar:6.2.5]
	at org.springframework.beans.factory.support.DefaultListableBeanFactory.instantiateSingleton(DefaultListableBeanFactory.java:1155) ~[spring-beans-6.2.5.jar:6.2.5]
	at org.springframework.beans.factory.support.DefaultListableBeanFactory.preInstantiateSingleton(DefaultListableBeanFactory.java:1121) ~[spring-beans-6.2.5.jar:6.2.5]
	at org.springframework.beans.factory.support.DefaultListableBeanFactory.preInstantiateSingletons(DefaultListableBeanFactory.java:1056) ~[spring-beans-6.2.5.jar:6.2.5]
	at org.springframework.context.support.AbstractApplicationContext.finishBeanFactoryInitialization(AbstractApplicationContext.java:987) ~[spring-context-6.2.5.jar:6.2.5]
	at org.springframework.context.support.AbstractApplicationContext.refresh(AbstractApplicationContext.java:627) ~[spring-context-6.2.5.jar:6.2.5]
	at org.springframework.boot.web.servlet.context.ServletWebServerApplicationContext.refresh(ServletWebServerApplicationContext.java:146) ~[spring-boot-3.4.4.jar:3.4.4]
	at org.springframework.boot.SpringApplication.refresh(SpringApplication.java:752) ~[spring-boot-3.4.4.jar:3.4.4]
	at org.springframework.boot.SpringApplication.refreshContext(SpringApplication.java:439) ~[spring-boot-3.4.4.jar:3.4.4]
	at org.springframework.boot.SpringApplication.run(SpringApplication.java:318) ~[spring-boot-3.4.4.jar:3.4.4]
	at org.springframework.boot.SpringApplication.run(SpringApplication.java:1361) ~[spring-boot-3.4.4.jar:3.4.4]
	at org.springframework.boot.SpringApplication.run(SpringApplication.java:1350) ~[spring-boot-3.4.4.jar:3.4.4]
	at com.example.ecommerce.EcommerceApplication.main(EcommerceApplication.java:10) ~[classes/:na]
Caused by: org.springframework.beans.factory.BeanCreationException: Error creating bean with name 'adminRepository' defined in com.example.ecommerce.repository.AdminRepository defined in @EnableJpaRepositories declared on JpaRepositoriesRegistrar.EnableJpaRepositoriesConfiguration: Could not create query for public abstract java.util.Optional com.example.ecommerce.repository.AdminRepository.findByEmail(java.lang.String); Reason: Failed to create query for method public abstract java.util.Optional com.example.ecommerce.repository.AdminRepository.findByEmail(java.lang.String); No property 'email' found for type 'Admin'
	at org.springframework.beans.factory.support.AbstractAutowireCapableBeanFactory.initializeBean(AbstractAutowireCapableBeanFactory.java:1812) ~[spring-beans-6.2.5.jar:6.2.5]
	at org.springframework.beans.factory.support.AbstractAutowireCapableBeanFactory.doCreateBean(AbstractAutowireCapableBeanFactory.java:601) ~[spring-beans-6.2.5.jar:6.2.5]
	at org.springframework.beans.factory.support.AbstractAutowireCapableBeanFactory.createBean(AbstractAutowireCapableBeanFactory.java:523) ~[spring-beans-6.2.5.jar:6.2.5]
	at org.springframework.beans.factory.support.AbstractBeanFactory.lambda$doGetBean$0(AbstractBeanFactory.java:339) ~[spring-beans-6.2.5.jar:6.2.5]
	at org.springframework.beans.factory.support.DefaultSingletonBeanRegistry.getSingleton(DefaultSingletonBeanRegistry.java:347) ~[spring-beans-6.2.5.jar:6.2.5]
	at org.springframework.beans.factory.support.AbstractBeanFactory.doGetBean(AbstractBeanFactory.java:337) ~[spring-beans-6.2.5.jar:6.2.5]
	at org.springframework.beans.factory.support.AbstractBeanFactory.getBean(AbstractBeanFactory.java:202) ~[spring-beans-6.2.5.jar:6.2.5]
	at org.springframework.beans.factory.support.DefaultListableBeanFactory.doResolveDependency(DefaultListableBeanFactory.java:1609) ~[spring-beans-6.2.5.jar:6.2.5]
	at org.springframework.beans.factory.support.DefaultListableBeanFactory.resolveDependency(DefaultListableBeanFactory.java:1555) ~[spring-beans-6.2.5.jar:6.2.5]
	at org.springframework.beans.factory.annotation.AutowiredAnnotationBeanPostProcessor$AutowiredFieldElement.resolveFieldValue(AutowiredAnnotationBeanPostProcessor.java:785) ~[spring-beans-6.2.5.jar:6.2.5]
	... 22 common frames omitted
Caused by: org.springframework.data.repository.query.QueryCreationException: Could not create query for public abstract java.util.Optional com.example.ecommerce.repository.AdminRepository.findByEmail(java.lang.String); Reason: Failed to create query for method public abstract java.util.Optional com.example.ecommerce.repository.AdminRepository.findByEmail(java.lang.String); No property 'email' found for type 'Admin'
	at org.springframework.data.repository.query.QueryCreationException.create(QueryCreationException.java:101) ~[spring-data-commons-3.4.4.jar:3.4.4]
	at org.springframework.data.repository.core.support.QueryExecutorMethodInterceptor.lookupQuery(QueryExecutorMethodInterceptor.java:120) ~[spring-data-commons-3.4.4.jar:3.4.4]
	at org.springframework.data.repository.core.support.QueryExecutorMethodInterceptor.mapMethodsToQuery(QueryExecutorMethodInterceptor.java:104) ~[spring-data-commons-3.4.4.jar:3.4.4]
	at org.springframework.data.repository.core.support.QueryExecutorMethodInterceptor.lambda$new$0(QueryExecutorMethodInterceptor.java:92) ~[spring-data-commons-3.4.4.jar:3.4.4]
	at java.base/java.util.Optional.map(Optional.java:260) ~[na:na]
	at org.springframework.data.repository.core.support.QueryExecutorMethodInterceptor.<init>(QueryExecutorMethodInterceptor.java:92) ~[spring-data-commons-3.4.4.jar:3.4.4]
	at org.springframework.data.repository.core.support.RepositoryFactorySupport.getRepository(RepositoryFactorySupport.java:431) ~[spring-data-commons-3.4.4.jar:3.4.4]
	at org.springframework.data.repository.core.support.RepositoryFactoryBeanSupport.lambda$afterPropertiesSet$4(RepositoryFactoryBeanSupport.java:350) ~[spring-data-commons-3.4.4.jar:3.4.4]
	at org.springframework.data.util.Lazy.getNullable(Lazy.java:135) ~[spring-data-commons-3.4.4.jar:3.4.4]
	at org.springframework.data.util.Lazy.get(Lazy.java:113) ~[spring-data-commons-3.4.4.jar:3.4.4]
	at org.springframework.data.repository.core.support.RepositoryFactoryBeanSupport.afterPropertiesSet(RepositoryFactoryBeanSupport.java:356) ~[spring-data-commons-3.4.4.jar:3.4.4]
	at org.springframework.data.jpa.repository.support.JpaRepositoryFactoryBean.afterPropertiesSet(JpaRepositoryFactoryBean.java:132) ~[spring-data-jpa-3.4.4.jar:3.4.4]
	at org.springframework.beans.factory.support.AbstractAutowireCapableBeanFactory.invokeInitMethods(AbstractAutowireCapableBeanFactory.java:1859) ~[spring-beans-6.2.5.jar:6.2.5]
	at org.springframework.beans.factory.support.AbstractAutowireCapableBeanFactory.initializeBean(AbstractAutowireCapableBeanFactory.java:1808) ~[spring-beans-6.2.5.jar:6.2.5]
	... 31 common frames omitted
Caused by: java.lang.IllegalArgumentException: Failed to create query for method public abstract java.util.Optional com.example.ecommerce.repository.AdminRepository.findByEmail(java.lang.String); No property 'email' found for type 'Admin'
	at org.springframework.data.jpa.repository.query.PartTreeJpaQuery.<init>(PartTreeJpaQuery.java:107) ~[spring-data-jpa-3.4.4.jar:3.4.4]
	at org.springframework.data.jpa.repository.query.JpaQueryLookupStrategy$CreateQueryLookupStrategy.resolveQuery(JpaQueryLookupStrategy.java:128) ~[spring-data-jpa-3.4.4.jar:3.4.4]
	at org.springframework.data.jpa.repository.query.JpaQueryLookupStrategy$CreateIfNotFoundQueryLookupStrategy.resolveQuery(JpaQueryLookupStrategy.java:262) ~[spring-data-jpa-3.4.4.jar:3.4.4]
	at org.springframework.data.jpa.repository.query.JpaQueryLookupStrategy$AbstractQueryLookupStrategy.resolveQuery(JpaQueryLookupStrategy.java:99) ~[spring-data-jpa-3.4.4.jar:3.4.4]
	at org.springframework.data.repository.core.support.QueryExecutorMethodInterceptor.lookupQuery(QueryExecutorMethodInterceptor.java:116) ~[spring-data-commons-3.4.4.jar:3.4.4]
	... 43 common frames omitted
Caused by: org.springframework.data.mapping.PropertyReferenceException: No property 'email' found for type 'Admin'
	at org.springframework.data.mapping.PropertyPath.<init>(PropertyPath.java:94) ~[spring-data-commons-3.4.4.jar:3.4.4]
	at org.springframework.data.mapping.PropertyPath.create(PropertyPath.java:455) ~[spring-data-commons-3.4.4.jar:3.4.4]
	at org.springframework.data.mapping.PropertyPath.create(PropertyPath.java:431) ~[spring-data-commons-3.4.4.jar:3.4.4]
	at org.springframework.data.mapping.PropertyPath.lambda$from$0(PropertyPath.java:384) ~[spring-data-commons-3.4.4.jar:3.4.4]
	at java.base/java.util.concurrent.ConcurrentMap.computeIfAbsent(ConcurrentMap.java:330) ~[na:na]
	at org.springframework.data.mapping.PropertyPath.from(PropertyPath.java:366) ~[spring-data-commons-3.4.4.jar:3.4.4]
	at org.springframework.data.mapping.PropertyPath.from(PropertyPath.java:344) ~[spring-data-commons-3.4.4.jar:3.4.4]
	at org.springframework.data.repository.query.parser.Part.<init>(Part.java:81) ~[spring-data-commons-3.4.4.jar:3.4.4]
	at org.springframework.data.repository.query.parser.PartTree$OrPart.lambda$new$0(PartTree.java:259) ~[spring-data-commons-3.4.4.jar:3.4.4]
	at java.base/java.util.stream.ReferencePipeline$3$1.accept(ReferencePipeline.java:197) ~[na:na]
	at java.base/java.util.stream.ReferencePipeline$2$1.accept(ReferencePipeline.java:179) ~[na:na]
	at java.base/java.util.Spliterators$ArraySpliterator.forEachRemaining(Spliterators.java:992) ~[na:na]
	at java.base/java.util.stream.AbstractPipeline.copyInto(AbstractPipeline.java:509) ~[na:na]
	at java.base/java.util.stream.AbstractPipeline.wrapAndCopyInto(AbstractPipeline.java:499) ~[na:na]
	at java.base/java.util.stream.ReduceOps$ReduceOp.evaluateSequential(ReduceOps.java:921) ~[na:na]
	at java.base/java.util.stream.AbstractPipeline.evaluate(AbstractPipeline.java:234) ~[na:na]
	at java.base/java.util.stream.ReferencePipeline.collect(ReferencePipeline.java:682) ~[na:na]
	at org.springframework.data.repository.query.parser.PartTree$OrPart.<init>(PartTree.java:260) ~[spring-data-commons-3.4.4.jar:3.4.4]
	at org.springframework.data.repository.query.parser.PartTree$Predicate.lambda$new$0(PartTree.java:389) ~[spring-data-commons-3.4.4.jar:3.4.4]
	at java.base/java.util.stream.ReferencePipeline$3$1.accept(ReferencePipeline.java:197) ~[na:na]
	at java.base/java.util.stream.ReferencePipeline$2$1.accept(ReferencePipeline.java:179) ~[na:na]
	at java.base/java.util.Spliterators$ArraySpliterator.forEachRemaining(Spliterators.java:992) ~[na:na]
	at java.base/java.util.stream.AbstractPipeline.copyInto(AbstractPipeline.java:509) ~[na:na]
	at java.base/java.util.stream.AbstractPipeline.wrapAndCopyInto(AbstractPipeline.java:499) ~[na:na]
	at java.base/java.util.stream.ReduceOps$ReduceOp.evaluateSequential(ReduceOps.java:921) ~[na:na]
	at java.base/java.util.stream.AbstractPipeline.evaluate(AbstractPipeline.java:234) ~[na:na]
	at java.base/java.util.stream.ReferencePipeline.collect(ReferencePipeline.java:682) ~[na:na]
	at org.springframework.data.repository.query.parser.PartTree$Predicate.<init>(PartTree.java:390) ~[spring-data-commons-3.4.4.jar:3.4.4]
	at org.springframework.data.repository.query.parser.PartTree.<init>(PartTree.java:103) ~[spring-data-commons-3.4.4.jar:3.4.4]
	at org.springframework.data.jpa.repository.query.PartTreeJpaQuery.<init>(PartTreeJpaQuery.java:101) ~[spring-data-jpa-3.4.4.jar:3.4.4]
	... 47 common frames omitted

2025-10-21T00:25:47.287+05:30  INFO 4071 --- [main] c.e.ecommerce.EcommerceApplication       : Starting EcommerceApplication using Java 17.0.16 with PID 4071 (/Users/juheesaxena/ShopEase-Ecommerce/target/classes started by juheesaxena in /Users/juheesaxena/ShopEase-Ecommerce)
2025-10-21T00:25:47.287+05:30 DEBUG 4071 --- [main] c.e.ecommerce.EcommerceApplication       : Running with Spring Boot v3.4.4, Spring v6.2.5
2025-10-21T00:25:47.288+05:30  INFO 4071 --- [main] c.e.ecommerce.EcommerceApplication       : No active profile set, falling back to 1 default profile: "default"
2025-10-21T00:25:47.489+05:30  INFO 4071 --- [main] .s.d.r.c.RepositoryConfigurationDelegate : Bootstrapping Spring Data JPA repositories in DEFAULT mode.
2025-10-21T00:25:47.518+05:30  INFO 4071 --- [main] .s.d.r.c.RepositoryConfigurationDelegate : Finished Spring Data repository scanning in 26 ms. Found 13 JPA repository interfaces.
2025-10-21T00:25:47.685+05:30  INFO 4071 --- [main] o.s.b.w.embedded.tomcat.TomcatWebServer  : Tomcat initialized with port 8080 (http)
2025-10-21T00:25:47.690+05:30  INFO 4071 --- [main] o.apache.catalina.core.StandardService   : Starting service [Tomcat]
2025-10-21T00:25:47.690+05:30  INFO 4071 --- [main] o.apache.catalina.core.StandardEngine    : Starting Servlet engine: [Apache Tomcat/10.1.39]
2025-10-21T00:25:47.706+05:30  INFO 4071 --- [main] o.a.c.c.C.[Tomcat].[localhost].[/]       : Initializing Spring embedded WebApplicationContext
2025-10-21T00:25:47.706+05:30  INFO 4071 --- [main] w.s.c.ServletWebServerApplicationContext : Root WebApplicationContext: initialization completed in 407 ms
2025-10-21T00:25:47.753+05:30  INFO 4071 --- [main] o.hibernate.jpa.internal.util.LogHelper  : HHH000204: Processing PersistenceUnitInfo [name: default]
2025-10-21T00:25:47.774+05:30  INFO 4071 --- [main] org.hibernate.Version                    : HHH000412: Hibernate ORM core version 6.6.11.Final
2025-10-21T00:25:47.783+05:30  INFO 4071 --- [main] o.h.c.internal.RegionFactoryInitiator    : HHH000026: Second-level cache disabled
2025-10-21T00:25:47.849+05:30  INFO 4071 --- [main] o.s.o.j.p.SpringPersistenceUnitInfo      : No LoadTimeWeaver setup: ignoring JPA class transformer
2025-10-21T00:25:47.857+05:30  INFO 4071 --- [main] com.zaxxer.hikari.HikariDataSource       : HikariPool-1 - Starting...
2025-10-21T00:25:47.917+05:30  INFO 4071 --- [main] com.zaxxer.hikari.pool.HikariPool        : HikariPool-1 - Added connection com.mysql.cj.jdbc.ConnectionImpl@5dae5a70
2025-10-21T00:25:47.918+05:30  INFO 4071 --- [main] com.zaxxer.hikari.HikariDataSource       : HikariPool-1 - Start completed.
2025-10-21T00:25:47.932+05:30  WARN 4071 --- [main] org.hibernate.orm.deprecation            : HHH90000025: MySQL8Dialect does not need to be specified explicitly using 'hibernate.dialect' (remove the property setting and it will be selected by default)
2025-10-21T00:25:47.933+05:30  WARN 4071 --- [main] org.hibernate.orm.deprecation            : HHH90000026: MySQL8Dialect has been deprecated; use org.hibernate.dialect.MySQLDialect instead
2025-10-21T00:25:47.938+05:30  INFO 4071 --- [main] org.hibernate.orm.connections.pooling    : HHH10001005: Database info:
	Database JDBC URL [Connecting through datasource 'HikariDataSource (HikariPool-1)']
	Database driver: undefined/unknown
	Database version: 8.0
	Autocommit mode: undefined/unknown
	Isolation level: undefined/unknown
	Minimum pool size: undefined/unknown
	Maximum pool size: undefined/unknown
2025-10-21T00:25:48.269+05:30  INFO 4071 --- [main] o.h.e.t.j.p.i.JtaPlatformInitiator       : HHH000489: No JTA platform available (set 'hibernate.transaction.jta.platform' to enable JTA platform integration)
2025-10-21T00:25:48.330+05:30  INFO 4071 --- [main] j.LocalContainerEntityManagerFactoryBean : Initialized JPA EntityManagerFactory for persistence unit 'default'
2025-10-21T00:25:48.397+05:30  INFO 4071 --- [main] o.s.d.j.r.query.QueryEnhancerFactory     : Hibernate is in classpath; If applicable, HQL parser will be used.
2025-10-21T00:25:48.402+05:30  WARN 4071 --- [main] ConfigServletWebServerApplicationContext : Exception encountered during context initialization - cancelling refresh attempt: org.springframework.beans.factory.UnsatisfiedDependencyException: Error creating bean with name 'adminInitializer': Unsatisfied dependency expressed through field 'adminRepository': Error creating bean with name 'adminRepository' defined in com.example.ecommerce.repository.AdminRepository defined in @EnableJpaRepositories declared on JpaRepositoriesRegistrar.EnableJpaRepositoriesConfiguration: Could not create query for public abstract java.util.Optional com.example.ecommerce.repository.AdminRepository.findByEmail(java.lang.String); Reason: Failed to create query for method public abstract java.util.Optional com.example.ecommerce.repository.AdminRepository.findByEmail(java.lang.String); No property 'email' found for type 'Admin'
2025-10-21T00:25:48.402+05:30  INFO 4071 --- [main] j.LocalContainerEntityManagerFactoryBean : Closing JPA EntityManagerFactory for persistence unit 'default'
2025-10-21T00:25:48.403+05:30  INFO 4071 --- [main] com.zaxxer.hikari.HikariDataSource       : HikariPool-1 - Shutdown initiated...
2025-10-21T00:25:48.405+05:30  INFO 4071 --- [main] com.zaxxer.hikari.HikariDataSource       : HikariPool-1 - Shutdown completed.
2025-10-21T00:25:48.406+05:30  INFO 4071 --- [main] o.apache.catalina.core.StandardService   : Stopping service [Tomcat]
2025-10-21T00:25:48.410+05:30  INFO 4071 --- [main] .s.b.a.l.ConditionEvaluationReportLogger : 

Error starting ApplicationContext. To display the condition evaluation report re-run your application with 'debug' enabled.
2025-10-21T00:25:48.415+05:30 ERROR 4071 --- [main] o.s.boot.SpringApplication               : Application run failed

org.springframework.beans.factory.UnsatisfiedDependencyException: Error creating bean with name 'adminInitializer': Unsatisfied dependency expressed through field 'adminRepository': Error creating bean with name 'adminRepository' defined in com.example.ecommerce.repository.AdminRepository defined in @EnableJpaRepositories declared on JpaRepositoriesRegistrar.EnableJpaRepositoriesConfiguration: Could not create query for public abstract java.util.Optional com.example.ecommerce.repository.AdminRepository.findByEmail(java.lang.String); Reason: Failed to create query for method public abstract java.util.Optional com.example.ecommerce.repository.AdminRepository.findByEmail(java.lang.String); No property 'email' found for type 'Admin'
	at org.springframework.beans.factory.annotation.AutowiredAnnotationBeanPostProcessor$AutowiredFieldElement.resolveFieldValue(AutowiredAnnotationBeanPostProcessor.java:788) ~[spring-beans-6.2.5.jar:6.2.5]
	at org.springframework.beans.factory.annotation.AutowiredAnnotationBeanPostProcessor$AutowiredFieldElement.inject(AutowiredAnnotationBeanPostProcessor.java:768) ~[spring-beans-6.2.5.jar:6.2.5]
	at org.springframework.beans.factory.annotation.InjectionMetadata.inject(InjectionMetadata.java:146) ~[spring-beans-6.2.5.jar:6.2.5]
	at org.springframework.beans.factory.annotation.AutowiredAnnotationBeanPostProcessor.postProcessProperties(AutowiredAnnotationBeanPostProcessor.java:509) ~[spring-beans-6.2.5.jar:6.2.5]
	at org.springframework.beans.factory.support.AbstractAutowireCapableBeanFactory.populateBean(AbstractAutowireCapableBeanFactory.java:1445) ~[spring-beans-6.2.5.jar:6.2.5]
	at org.springframework.beans.factory.support.AbstractAutowireCapableBeanFactory.doCreateBean(AbstractAutowireCapableBeanFactory.java:600) ~[spring-beans-6.2.5.jar:6.2.5]
	at org.springframework.beans.factory.support.AbstractAutowireCapableBeanFactory.createBean(AbstractAutowireCapableBeanFactory.java:523) ~[spring-beans-6.2.5.jar:6.2.5]
	at org.springframework.beans.factory.support.AbstractBeanFactory.lambda$doGetBean$0(AbstractBeanFactory.java:339) ~[spring-beans-6.2.5.jar:6.2.5]
	at org.springframework.beans.factory.support.DefaultSingletonBeanRegistry.getSingleton(DefaultSingletonBeanRegistry.java:347) ~[spring-beans-6.2.5.jar:6.2.5]
	at org.springframework.beans.factory.support.AbstractBeanFactory.doGetBean(AbstractBeanFactory.java:337) ~[spring-beans-6.2.5.jar:6.2.5]
	at org.springframework.beans.factory.support.AbstractBeanFactory.getBean(AbstractBeanFactory.java:202) ~[spring-beans-6.2.5.jar:6.2.5]
	at org.springframework.beans.factory.support.DefaultListableBeanFactory.instantiateSingleton(DefaultListableBeanFactory.java:1155) ~[spring-beans-6.2.5.jar:6.2.5]
	at org.springframework.beans.factory.support.DefaultListableBeanFactory.preInstantiateSingleton(DefaultListableBeanFactory.java:1121) ~[spring-beans-6.2.5.jar:6.2.5]
	at org.springframework.beans.factory.support.DefaultListableBeanFactory.preInstantiateSingletons(DefaultListableBeanFactory.java:1056) ~[spring-beans-6.2.5.jar:6.2.5]
	at org.springframework.context.support.AbstractApplicationContext.finishBeanFactoryInitialization(AbstractApplicationContext.java:987) ~[spring-context-6.2.5.jar:6.2.5]
	at org.springframework.context.support.AbstractApplicationContext.refresh(AbstractApplicationContext.java:627) ~[spring-context-6.2.5.jar:6.2.5]
	at org.springframework.boot.web.servlet.context.ServletWebServerApplicationContext.refresh(ServletWebServerApplicationContext.java:146) ~[spring-boot-3.4.4.jar:3.4.4]
	at org.springframework.boot.SpringApplication.refresh(SpringApplication.java:752) ~[spring-boot-3.4.4.jar:3.4.4]
	at org.springframework.boot.SpringApplication.refreshContext(SpringApplication.java:439) ~[spring-boot-3.4.4.jar:3.4.4]
	at org.springframework.boot.SpringApplication.run(SpringApplication.java:318) ~[spring-boot-3.4.4.jar:3.4.4]
	at org.springframework.boot.SpringApplication.run(SpringApplication.java:1361) ~[spring-boot-3.4.4.jar:3.4.4]
	at org.springframework.boot.SpringApplication.run(SpringApplication.java:1350) ~[spring-boot-3.4.4.jar:3.4.4]
	at com.example.ecommerce.EcommerceApplication.main(EcommerceApplication.java:10) ~[classes/:na]
Caused by: org.springframework.beans.factory.BeanCreationException: Error creating bean with name 'adminRepository' defined in com.example.ecommerce.repository.AdminRepository defined in @EnableJpaRepositories declared on JpaRepositoriesRegistrar.EnableJpaRepositoriesConfiguration: Could not create query for public abstract java.util.Optional com.example.ecommerce.repository.AdminRepository.findByEmail(java.lang.String); Reason: Failed to create query for method public abstract java.util.Optional com.example.ecommerce.repository.AdminRepository.findByEmail(java.lang.String); No property 'email' found for type 'Admin'
	at org.springframework.beans.factory.support.AbstractAutowireCapableBeanFactory.initializeBean(AbstractAutowireCapableBeanFactory.java:1812) ~[spring-beans-6.2.5.jar:6.2.5]
	at org.springframework.beans.factory.support.AbstractAutowireCapableBeanFactory.doCreateBean(AbstractAutowireCapableBeanFactory.java:601) ~[spring-beans-6.2.5.jar:6.2.5]
	at org.springframework.beans.factory.support.AbstractAutowireCapableBeanFactory.createBean(AbstractAutowireCapableBeanFactory.java:523) ~[spring-beans-6.2.5.jar:6.2.5]
	at org.springframework.beans.factory.support.AbstractBeanFactory.lambda$doGetBean$0(AbstractBeanFactory.java:339) ~[spring-beans-6.2.5.jar:6.2.5]
	at org.springframework.beans.factory.support.DefaultSingletonBeanRegistry.getSingleton(DefaultSingletonBeanRegistry.java:347) ~[spring-beans-6.2.5.jar:6.2.5]
	at org.springframework.beans.factory.support.AbstractBeanFactory.doGetBean(AbstractBeanFactory.java:337) ~[spring-beans-6.2.5.jar:6.2.5]
	at org.springframework.beans.factory.support.AbstractBeanFactory.getBean(AbstractBeanFactory.java:202) ~[spring-beans-6.2.5.jar:6.2.5]
	at org.springframework.beans.factory.support.DefaultListableBeanFactory.doResolveDependency(DefaultListableBeanFactory.java:1609) ~[spring-beans-6.2.5.jar:6.2.5]
	at org.springframework.beans.factory.support.DefaultListableBeanFactory.resolveDependency(DefaultListableBeanFactory.java:1555) ~[spring-beans-6.2.5.jar:6.2.5]
	at org.springframework.beans.factory.annotation.AutowiredAnnotationBeanPostProcessor$AutowiredFieldElement.resolveFieldValue(AutowiredAnnotationBeanPostProcessor.java:785) ~[spring-beans-6.2.5.jar:6.2.5]
	... 22 common frames omitted
Caused by: org.springframework.data.repository.query.QueryCreationException: Could not create query for public abstract java.util.Optional com.example.ecommerce.repository.AdminRepository.findByEmail(java.lang.String); Reason: Failed to create query for method public abstract java.util.Optional com.example.ecommerce.repository.AdminRepository.findByEmail(java.lang.String); No property 'email' found for type 'Admin'
	at org.springframework.data.repository.query.QueryCreationException.create(QueryCreationException.java:101) ~[spring-data-commons-3.4.4.jar:3.4.4]
	at org.springframework.data.repository.core.support.QueryExecutorMethodInterceptor.lookupQuery(QueryExecutorMethodInterceptor.java:120) ~[spring-data-commons-3.4.4.jar:3.4.4]
	at org.springframework.data.repository.core.support.QueryExecutorMethodInterceptor.mapMethodsToQuery(QueryExecutorMethodInterceptor.java:104) ~[spring-data-commons-3.4.4.jar:3.4.4]
	at org.springframework.data.repository.core.support.QueryExecutorMethodInterceptor.lambda$new$0(QueryExecutorMethodInterceptor.java:92) ~[spring-data-commons-3.4.4.jar:3.4.4]
	at java.base/java.util.Optional.map(Optional.java:260) ~[na:na]
	at org.springframework.data.repository.core.support.QueryExecutorMethodInterceptor.<init>(QueryExecutorMethodInterceptor.java:92) ~[spring-data-commons-3.4.4.jar:3.4.4]
	at org.springframework.data.repository.core.support.RepositoryFactorySupport.getRepository(RepositoryFactorySupport.java:431) ~[spring-data-commons-3.4.4.jar:3.4.4]
	at org.springframework.data.repository.core.support.RepositoryFactoryBeanSupport.lambda$afterPropertiesSet$4(RepositoryFactoryBeanSupport.java:350) ~[spring-data-commons-3.4.4.jar:3.4.4]
	at org.springframework.data.util.Lazy.getNullable(Lazy.java:135) ~[spring-data-commons-3.4.4.jar:3.4.4]
	at org.springframework.data.util.Lazy.get(Lazy.java:113) ~[spring-data-commons-3.4.4.jar:3.4.4]
	at org.springframework.data.repository.core.support.RepositoryFactoryBeanSupport.afterPropertiesSet(RepositoryFactoryBeanSupport.java:356) ~[spring-data-commons-3.4.4.jar:3.4.4]
	at org.springframework.data.jpa.repository.support.JpaRepositoryFactoryBean.afterPropertiesSet(JpaRepositoryFactoryBean.java:132) ~[spring-data-jpa-3.4.4.jar:3.4.4]
	at org.springframework.beans.factory.support.AbstractAutowireCapableBeanFactory.invokeInitMethods(AbstractAutowireCapableBeanFactory.java:1859) ~[spring-beans-6.2.5.jar:6.2.5]
	at org.springframework.beans.factory.support.AbstractAutowireCapableBeanFactory.initializeBean(AbstractAutowireCapableBeanFactory.java:1808) ~[spring-beans-6.2.5.jar:6.2.5]
	... 31 common frames omitted
Caused by: java.lang.IllegalArgumentException: Failed to create query for method public abstract java.util.Optional com.example.ecommerce.repository.AdminRepository.findByEmail(java.lang.String); No property 'email' found for type 'Admin'
	at org.springframework.data.jpa.repository.query.PartTreeJpaQuery.<init>(PartTreeJpaQuery.java:107) ~[spring-data-jpa-3.4.4.jar:3.4.4]
	at org.springframework.data.jpa.repository.query.JpaQueryLookupStrategy$CreateQueryLookupStrategy.resolveQuery(JpaQueryLookupStrategy.java:128) ~[spring-data-jpa-3.4.4.jar:3.4.4]
	at org.springframework.data.jpa.repository.query.JpaQueryLookupStrategy$CreateIfNotFoundQueryLookupStrategy.resolveQuery(JpaQueryLookupStrategy.java:262) ~[spring-data-jpa-3.4.4.jar:3.4.4]
	at org.springframework.data.jpa.repository.query.JpaQueryLookupStrategy$AbstractQueryLookupStrategy.resolveQuery(JpaQueryLookupStrategy.java:99) ~[spring-data-jpa-3.4.4.jar:3.4.4]
	at org.springframework.data.repository.core.support.QueryExecutorMethodInterceptor.lookupQuery(QueryExecutorMethodInterceptor.java:116) ~[spring-data-commons-3.4.4.jar:3.4.4]
	... 43 common frames omitted
Caused by: org.springframework.data.mapping.PropertyReferenceException: No property 'email' found for type 'Admin'
	at org.springframework.data.mapping.PropertyPath.<init>(PropertyPath.java:94) ~[spring-data-commons-3.4.4.jar:3.4.4]
	at org.springframework.data.mapping.PropertyPath.create(PropertyPath.java:455) ~[spring-data-commons-3.4.4.jar:3.4.4]
	at org.springframework.data.mapping.PropertyPath.create(PropertyPath.java:431) ~[spring-data-commons-3.4.4.jar:3.4.4]
	at org.springframework.data.mapping.PropertyPath.lambda$from$0(PropertyPath.java:384) ~[spring-data-commons-3.4.4.jar:3.4.4]
	at java.base/java.util.concurrent.ConcurrentMap.computeIfAbsent(ConcurrentMap.java:330) ~[na:na]
	at org.springframework.data.mapping.PropertyPath.from(PropertyPath.java:366) ~[spring-data-commons-3.4.4.jar:3.4.4]
	at org.springframework.data.mapping.PropertyPath.from(PropertyPath.java:344) ~[spring-data-commons-3.4.4.jar:3.4.4]
	at org.springframework.data.repository.query.parser.Part.<init>(Part.java:81) ~[spring-data-commons-3.4.4.jar:3.4.4]
	at org.springframework.data.repository.query.parser.PartTree$OrPart.lambda$new$0(PartTree.java:259) ~[spring-data-commons-3.4.4.jar:3.4.4]
	at java.base/java.util.stream.ReferencePipeline$3$1.accept(ReferencePipeline.java:197) ~[na:na]
	at java.base/java.util.stream.ReferencePipeline$2$1.accept(ReferencePipeline.java:179) ~[na:na]
	at java.base/java.util.Spliterators$ArraySpliterator.forEachRemaining(Spliterators.java:992) ~[na:na]
	at java.base/java.util.stream.AbstractPipeline.copyInto(AbstractPipeline.java:509) ~[na:na]
	at java.base/java.util.stream.AbstractPipeline.wrapAndCopyInto(AbstractPipeline.java:499) ~[na:na]
	at java.base/java.util.stream.ReduceOps$ReduceOp.evaluateSequential(ReduceOps.java:921) ~[na:na]
	at java.base/java.util.stream.AbstractPipeline.evaluate(AbstractPipeline.java:234) ~[na:na]
	at java.base/java.util.stream.ReferencePipeline.collect(ReferencePipeline.java:682) ~[na:na]
	at org.springframework.data.repository.query.parser.PartTree$OrPart.<init>(PartTree.java:260) ~[spring-data-commons-3.4.4.jar:3.4.4]
	at org.springframework.data.repository.query.parser.PartTree$Predicate.lambda$new$0(PartTree.java:389) ~[spring-data-commons-3.4.4.jar:3.4.4]
	at java.base/java.util.stream.ReferencePipeline$3$1.accept(ReferencePipeline.java:197) ~[na:na]
	at java.base/java.util.stream.ReferencePipeline$2$1.accept(ReferencePipeline.java:179) ~[na:na]
	at java.base/java.util.Spliterators$ArraySpliterator.forEachRemaining(Spliterators.java:992) ~[na:na]
	at java.base/java.util.stream.AbstractPipeline.copyInto(AbstractPipeline.java:509) ~[na:na]
	at java.base/java.util.stream.AbstractPipeline.wrapAndCopyInto(AbstractPipeline.java:499) ~[na:na]
	at java.base/java.util.stream.ReduceOps$ReduceOp.evaluateSequential(ReduceOps.java:921) ~[na:na]
	at java.base/java.util.stream.AbstractPipeline.evaluate(AbstractPipeline.java:234) ~[na:na]
	at java.base/java.util.stream.ReferencePipeline.collect(ReferencePipeline.java:682) ~[na:na]
	at org.springframework.data.repository.query.parser.PartTree$Predicate.<init>(PartTree.java:390) ~[spring-data-commons-3.4.4.jar:3.4.4]
	at org.springframework.data.repository.query.parser.PartTree.<init>(PartTree.java:103) ~[spring-data-commons-3.4.4.jar:3.4.4]
	at org.springframework.data.jpa.repository.query.PartTreeJpaQuery.<init>(PartTreeJpaQuery.java:101) ~[spring-data-jpa-3.4.4.jar:3.4.4]
	... 47 common frames omitted

2025-10-21T00:26:28.457+05:30  INFO 4100 --- [main] c.e.ecommerce.EcommerceApplication       : Starting EcommerceApplication using Java 17.0.16 with PID 4100 (/Users/juheesaxena/ShopEase-Ecommerce/target/classes started by juheesaxena in /Users/juheesaxena/ShopEase-Ecommerce)
2025-10-21T00:26:28.457+05:30 DEBUG 4100 --- [main] c.e.ecommerce.EcommerceApplication       : Running with Spring Boot v3.4.4, Spring v6.2.5
2025-10-21T00:26:28.458+05:30  INFO 4100 --- [main] c.e.ecommerce.EcommerceApplication       : No active profile set, falling back to 1 default profile: "default"
2025-10-21T00:26:28.651+05:30  INFO 4100 --- [main] .s.d.r.c.RepositoryConfigurationDelegate : Bootstrapping Spring Data JPA repositories in DEFAULT mode.
2025-10-21T00:26:28.681+05:30  INFO 4100 --- [main] .s.d.r.c.RepositoryConfigurationDelegate : Finished Spring Data repository scanning in 26 ms. Found 13 JPA repository interfaces.
2025-10-21T00:26:28.838+05:30  INFO 4100 --- [main] o.s.b.w.embedded.tomcat.TomcatWebServer  : Tomcat initialized with port 8080 (http)
2025-10-21T00:26:28.842+05:30  INFO 4100 --- [main] o.apache.catalina.core.StandardService   : Starting service [Tomcat]
2025-10-21T00:26:28.842+05:30  INFO 4100 --- [main] o.apache.catalina.core.StandardEngine    : Starting Servlet engine: [Apache Tomcat/10.1.39]
2025-10-21T00:26:28.857+05:30  INFO 4100 --- [main] o.a.c.c.C.[Tomcat].[localhost].[/]       : Initializing Spring embedded WebApplicationContext
2025-10-21T00:26:28.857+05:30  INFO 4100 --- [main] w.s.c.ServletWebServerApplicationContext : Root WebApplicationContext: initialization completed in 388 ms
2025-10-21T00:26:28.904+05:30  INFO 4100 --- [main] o.hibernate.jpa.internal.util.LogHelper  : HHH000204: Processing PersistenceUnitInfo [name: default]
2025-10-21T00:26:28.924+05:30  INFO 4100 --- [main] org.hibernate.Version                    : HHH000412: Hibernate ORM core version 6.6.11.Final
2025-10-21T00:26:28.933+05:30  INFO 4100 --- [main] o.h.c.internal.RegionFactoryInitiator    : HHH000026: Second-level cache disabled
2025-10-21T00:26:29.000+05:30  INFO 4100 --- [main] o.s.o.j.p.SpringPersistenceUnitInfo      : No LoadTimeWeaver setup: ignoring JPA class transformer
2025-10-21T00:26:29.007+05:30  INFO 4100 --- [main] com.zaxxer.hikari.HikariDataSource       : HikariPool-1 - Starting...
2025-10-21T00:26:29.092+05:30  INFO 4100 --- [main] com.zaxxer.hikari.pool.HikariPool        : HikariPool-1 - Added connection com.mysql.cj.jdbc.ConnectionImpl@72324965
2025-10-21T00:26:29.093+05:30  INFO 4100 --- [main] com.zaxxer.hikari.HikariDataSource       : HikariPool-1 - Start completed.
2025-10-21T00:26:29.113+05:30  WARN 4100 --- [main] org.hibernate.orm.deprecation            : HHH90000025: MySQL8Dialect does not need to be specified explicitly using 'hibernate.dialect' (remove the property setting and it will be selected by default)
2025-10-21T00:26:29.114+05:30  WARN 4100 --- [main] org.hibernate.orm.deprecation            : HHH90000026: MySQL8Dialect has been deprecated; use org.hibernate.dialect.MySQLDialect instead
2025-10-21T00:26:29.120+05:30  INFO 4100 --- [main] org.hibernate.orm.connections.pooling    : HHH10001005: Database info:
	Database JDBC URL [Connecting through datasource 'HikariDataSource (HikariPool-1)']
	Database driver: undefined/unknown
	Database version: 8.0
	Autocommit mode: undefined/unknown
	Isolation level: undefined/unknown
	Minimum pool size: undefined/unknown
	Maximum pool size: undefined/unknown
2025-10-21T00:26:29.449+05:30  INFO 4100 --- [main] o.h.e.t.j.p.i.JtaPlatformInitiator       : HHH000489: No JTA platform available (set 'hibernate.transaction.jta.platform' to enable JTA platform integration)
2025-10-21T00:26:29.505+05:30  INFO 4100 --- [main] j.LocalContainerEntityManagerFactoryBean : Initialized JPA EntityManagerFactory for persistence unit 'default'
2025-10-21T00:26:29.578+05:30  INFO 4100 --- [main] o.s.d.j.r.query.QueryEnhancerFactory     : Hibernate is in classpath; If applicable, HQL parser will be used.
2025-10-21T00:26:29.584+05:30  WARN 4100 --- [main] ConfigServletWebServerApplicationContext : Exception encountered during context initialization - cancelling refresh attempt: org.springframework.beans.factory.UnsatisfiedDependencyException: Error creating bean with name 'adminInitializer': Unsatisfied dependency expressed through field 'adminRepository': Error creating bean with name 'adminRepository' defined in com.example.ecommerce.repository.AdminRepository defined in @EnableJpaRepositories declared on JpaRepositoriesRegistrar.EnableJpaRepositoriesConfiguration: Could not create query for public abstract java.util.Optional com.example.ecommerce.repository.AdminRepository.findByEmail(java.lang.String); Reason: Failed to create query for method public abstract java.util.Optional com.example.ecommerce.repository.AdminRepository.findByEmail(java.lang.String); No property 'email' found for type 'Admin'
2025-10-21T00:26:29.584+05:30  INFO 4100 --- [main] j.LocalContainerEntityManagerFactoryBean : Closing JPA EntityManagerFactory for persistence unit 'default'
2025-10-21T00:26:29.585+05:30  INFO 4100 --- [main] com.zaxxer.hikari.HikariDataSource       : HikariPool-1 - Shutdown initiated...
2025-10-21T00:26:29.587+05:30  INFO 4100 --- [main] com.zaxxer.hikari.HikariDataSource       : HikariPool-1 - Shutdown completed.
2025-10-21T00:26:29.588+05:30  INFO 4100 --- [main] o.apache.catalina.core.StandardService   : Stopping service [Tomcat]
2025-10-21T00:26:29.592+05:30  INFO 4100 --- [main] .s.b.a.l.ConditionEvaluationReportLogger : 

Error starting ApplicationContext. To display the condition evaluation report re-run your application with 'debug' enabled.
2025-10-21T00:26:29.597+05:30 ERROR 4100 --- [main] o.s.boot.SpringApplication               : Application run failed

org.springframework.beans.factory.UnsatisfiedDependencyException: Error creating bean with name 'adminInitializer': Unsatisfied dependency expressed through field 'adminRepository': Error creating bean with name 'adminRepository' defined in com.example.ecommerce.repository.AdminRepository defined in @EnableJpaRepositories declared on JpaRepositoriesRegistrar.EnableJpaRepositoriesConfiguration: Could not create query for public abstract java.util.Optional com.example.ecommerce.repository.AdminRepository.findByEmail(java.lang.String); Reason: Failed to create query for method public abstract java.util.Optional com.example.ecommerce.repository.AdminRepository.findByEmail(java.lang.String); No property 'email' found for type 'Admin'
	at org.springframework.beans.factory.annotation.AutowiredAnnotationBeanPostProcessor$AutowiredFieldElement.resolveFieldValue(AutowiredAnnotationBeanPostProcessor.java:788) ~[spring-beans-6.2.5.jar:6.2.5]
	at org.springframework.beans.factory.annotation.AutowiredAnnotationBeanPostProcessor$AutowiredFieldElement.inject(AutowiredAnnotationBeanPostProcessor.java:768) ~[spring-beans-6.2.5.jar:6.2.5]
	at org.springframework.beans.factory.annotation.InjectionMetadata.inject(InjectionMetadata.java:146) ~[spring-beans-6.2.5.jar:6.2.5]
	at org.springframework.beans.factory.annotation.AutowiredAnnotationBeanPostProcessor.postProcessProperties(AutowiredAnnotationBeanPostProcessor.java:509) ~[spring-beans-6.2.5.jar:6.2.5]
	at org.springframework.beans.factory.support.AbstractAutowireCapableBeanFactory.populateBean(AbstractAutowireCapableBeanFactory.java:1445) ~[spring-beans-6.2.5.jar:6.2.5]
	at org.springframework.beans.factory.support.AbstractAutowireCapableBeanFactory.doCreateBean(AbstractAutowireCapableBeanFactory.java:600) ~[spring-beans-6.2.5.jar:6.2.5]
	at org.springframework.beans.factory.support.AbstractAutowireCapableBeanFactory.createBean(AbstractAutowireCapableBeanFactory.java:523) ~[spring-beans-6.2.5.jar:6.2.5]
	at org.springframework.beans.factory.support.AbstractBeanFactory.lambda$doGetBean$0(AbstractBeanFactory.java:339) ~[spring-beans-6.2.5.jar:6.2.5]
	at org.springframework.beans.factory.support.DefaultSingletonBeanRegistry.getSingleton(DefaultSingletonBeanRegistry.java:347) ~[spring-beans-6.2.5.jar:6.2.5]
	at org.springframework.beans.factory.support.AbstractBeanFactory.doGetBean(AbstractBeanFactory.java:337) ~[spring-beans-6.2.5.jar:6.2.5]
	at org.springframework.beans.factory.support.AbstractBeanFactory.getBean(AbstractBeanFactory.java:202) ~[spring-beans-6.2.5.jar:6.2.5]
	at org.springframework.beans.factory.support.DefaultListableBeanFactory.instantiateSingleton(DefaultListableBeanFactory.java:1155) ~[spring-beans-6.2.5.jar:6.2.5]
	at org.springframework.beans.factory.support.DefaultListableBeanFactory.preInstantiateSingleton(DefaultListableBeanFactory.java:1121) ~[spring-beans-6.2.5.jar:6.2.5]
	at org.springframework.beans.factory.support.DefaultListableBeanFactory.preInstantiateSingletons(DefaultListableBeanFactory.java:1056) ~[spring-beans-6.2.5.jar:6.2.5]
	at org.springframework.context.support.AbstractApplicationContext.finishBeanFactoryInitialization(AbstractApplicationContext.java:987) ~[spring-context-6.2.5.jar:6.2.5]
	at org.springframework.context.support.AbstractApplicationContext.refresh(AbstractApplicationContext.java:627) ~[spring-context-6.2.5.jar:6.2.5]
	at org.springframework.boot.web.servlet.context.ServletWebServerApplicationContext.refresh(ServletWebServerApplicationContext.java:146) ~[spring-boot-3.4.4.jar:3.4.4]
	at org.springframework.boot.SpringApplication.refresh(SpringApplication.java:752) ~[spring-boot-3.4.4.jar:3.4.4]
	at org.springframework.boot.SpringApplication.refreshContext(SpringApplication.java:439) ~[spring-boot-3.4.4.jar:3.4.4]
	at org.springframework.boot.SpringApplication.run(SpringApplication.java:318) ~[spring-boot-3.4.4.jar:3.4.4]
	at org.springframework.boot.SpringApplication.run(SpringApplication.java:1361) ~[spring-boot-3.4.4.jar:3.4.4]
	at org.springframework.boot.SpringApplication.run(SpringApplication.java:1350) ~[spring-boot-3.4.4.jar:3.4.4]
	at com.example.ecommerce.EcommerceApplication.main(EcommerceApplication.java:10) ~[classes/:na]
Caused by: org.springframework.beans.factory.BeanCreationException: Error creating bean with name 'adminRepository' defined in com.example.ecommerce.repository.AdminRepository defined in @EnableJpaRepositories declared on JpaRepositoriesRegistrar.EnableJpaRepositoriesConfiguration: Could not create query for public abstract java.util.Optional com.example.ecommerce.repository.AdminRepository.findByEmail(java.lang.String); Reason: Failed to create query for method public abstract java.util.Optional com.example.ecommerce.repository.AdminRepository.findByEmail(java.lang.String); No property 'email' found for type 'Admin'
	at org.springframework.beans.factory.support.AbstractAutowireCapableBeanFactory.initializeBean(AbstractAutowireCapableBeanFactory.java:1812) ~[spring-beans-6.2.5.jar:6.2.5]
	at org.springframework.beans.factory.support.AbstractAutowireCapableBeanFactory.doCreateBean(AbstractAutowireCapableBeanFactory.java:601) ~[spring-beans-6.2.5.jar:6.2.5]
	at org.springframework.beans.factory.support.AbstractAutowireCapableBeanFactory.createBean(AbstractAutowireCapableBeanFactory.java:523) ~[spring-beans-6.2.5.jar:6.2.5]
	at org.springframework.beans.factory.support.AbstractBeanFactory.lambda$doGetBean$0(AbstractBeanFactory.java:339) ~[spring-beans-6.2.5.jar:6.2.5]
	at org.springframework.beans.factory.support.DefaultSingletonBeanRegistry.getSingleton(DefaultSingletonBeanRegistry.java:347) ~[spring-beans-6.2.5.jar:6.2.5]
	at org.springframework.beans.factory.support.AbstractBeanFactory.doGetBean(AbstractBeanFactory.java:337) ~[spring-beans-6.2.5.jar:6.2.5]
	at org.springframework.beans.factory.support.AbstractBeanFactory.getBean(AbstractBeanFactory.java:202) ~[spring-beans-6.2.5.jar:6.2.5]
	at org.springframework.beans.factory.support.DefaultListableBeanFactory.doResolveDependency(DefaultListableBeanFactory.java:1609) ~[spring-beans-6.2.5.jar:6.2.5]
	at org.springframework.beans.factory.support.DefaultListableBeanFactory.resolveDependency(DefaultListableBeanFactory.java:1555) ~[spring-beans-6.2.5.jar:6.2.5]
	at org.springframework.beans.factory.annotation.AutowiredAnnotationBeanPostProcessor$AutowiredFieldElement.resolveFieldValue(AutowiredAnnotationBeanPostProcessor.java:785) ~[spring-beans-6.2.5.jar:6.2.5]
	... 22 common frames omitted
Caused by: org.springframework.data.repository.query.QueryCreationException: Could not create query for public abstract java.util.Optional com.example.ecommerce.repository.AdminRepository.findByEmail(java.lang.String); Reason: Failed to create query for method public abstract java.util.Optional com.example.ecommerce.repository.AdminRepository.findByEmail(java.lang.String); No property 'email' found for type 'Admin'
	at org.springframework.data.repository.query.QueryCreationException.create(QueryCreationException.java:101) ~[spring-data-commons-3.4.4.jar:3.4.4]
	at org.springframework.data.repository.core.support.QueryExecutorMethodInterceptor.lookupQuery(QueryExecutorMethodInterceptor.java:120) ~[spring-data-commons-3.4.4.jar:3.4.4]
	at org.springframework.data.repository.core.support.QueryExecutorMethodInterceptor.mapMethodsToQuery(QueryExecutorMethodInterceptor.java:104) ~[spring-data-commons-3.4.4.jar:3.4.4]
	at org.springframework.data.repository.core.support.QueryExecutorMethodInterceptor.lambda$new$0(QueryExecutorMethodInterceptor.java:92) ~[spring-data-commons-3.4.4.jar:3.4.4]
	at java.base/java.util.Optional.map(Optional.java:260) ~[na:na]
	at org.springframework.data.repository.core.support.QueryExecutorMethodInterceptor.<init>(QueryExecutorMethodInterceptor.java:92) ~[spring-data-commons-3.4.4.jar:3.4.4]
	at org.springframework.data.repository.core.support.RepositoryFactorySupport.getRepository(RepositoryFactorySupport.java:431) ~[spring-data-commons-3.4.4.jar:3.4.4]
	at org.springframework.data.repository.core.support.RepositoryFactoryBeanSupport.lambda$afterPropertiesSet$4(RepositoryFactoryBeanSupport.java:350) ~[spring-data-commons-3.4.4.jar:3.4.4]
	at org.springframework.data.util.Lazy.getNullable(Lazy.java:135) ~[spring-data-commons-3.4.4.jar:3.4.4]
	at org.springframework.data.util.Lazy.get(Lazy.java:113) ~[spring-data-commons-3.4.4.jar:3.4.4]
	at org.springframework.data.repository.core.support.RepositoryFactoryBeanSupport.afterPropertiesSet(RepositoryFactoryBeanSupport.java:356) ~[spring-data-commons-3.4.4.jar:3.4.4]
	at org.springframework.data.jpa.repository.support.JpaRepositoryFactoryBean.afterPropertiesSet(JpaRepositoryFactoryBean.java:132) ~[spring-data-jpa-3.4.4.jar:3.4.4]
	at org.springframework.beans.factory.support.AbstractAutowireCapableBeanFactory.invokeInitMethods(AbstractAutowireCapableBeanFactory.java:1859) ~[spring-beans-6.2.5.jar:6.2.5]
	at org.springframework.beans.factory.support.AbstractAutowireCapableBeanFactory.initializeBean(AbstractAutowireCapableBeanFactory.java:1808) ~[spring-beans-6.2.5.jar:6.2.5]
	... 31 common frames omitted
Caused by: java.lang.IllegalArgumentException: Failed to create query for method public abstract java.util.Optional com.example.ecommerce.repository.AdminRepository.findByEmail(java.lang.String); No property 'email' found for type 'Admin'
	at org.springframework.data.jpa.repository.query.PartTreeJpaQuery.<init>(PartTreeJpaQuery.java:107) ~[spring-data-jpa-3.4.4.jar:3.4.4]
	at org.springframework.data.jpa.repository.query.JpaQueryLookupStrategy$CreateQueryLookupStrategy.resolveQuery(JpaQueryLookupStrategy.java:128) ~[spring-data-jpa-3.4.4.jar:3.4.4]
	at org.springframework.data.jpa.repository.query.JpaQueryLookupStrategy$CreateIfNotFoundQueryLookupStrategy.resolveQuery(JpaQueryLookupStrategy.java:262) ~[spring-data-jpa-3.4.4.jar:3.4.4]
	at org.springframework.data.jpa.repository.query.JpaQueryLookupStrategy$AbstractQueryLookupStrategy.resolveQuery(JpaQueryLookupStrategy.java:99) ~[spring-data-jpa-3.4.4.jar:3.4.4]
	at org.springframework.data.repository.core.support.QueryExecutorMethodInterceptor.lookupQuery(QueryExecutorMethodInterceptor.java:116) ~[spring-data-commons-3.4.4.jar:3.4.4]
	... 43 common frames omitted
Caused by: org.springframework.data.mapping.PropertyReferenceException: No property 'email' found for type 'Admin'
	at org.springframework.data.mapping.PropertyPath.<init>(PropertyPath.java:94) ~[spring-data-commons-3.4.4.jar:3.4.4]
	at org.springframework.data.mapping.PropertyPath.create(PropertyPath.java:455) ~[spring-data-commons-3.4.4.jar:3.4.4]
	at org.springframework.data.mapping.PropertyPath.create(PropertyPath.java:431) ~[spring-data-commons-3.4.4.jar:3.4.4]
	at org.springframework.data.mapping.PropertyPath.lambda$from$0(PropertyPath.java:384) ~[spring-data-commons-3.4.4.jar:3.4.4]
	at java.base/java.util.concurrent.ConcurrentMap.computeIfAbsent(ConcurrentMap.java:330) ~[na:na]
	at org.springframework.data.mapping.PropertyPath.from(PropertyPath.java:366) ~[spring-data-commons-3.4.4.jar:3.4.4]
	at org.springframework.data.mapping.PropertyPath.from(PropertyPath.java:344) ~[spring-data-commons-3.4.4.jar:3.4.4]
	at org.springframework.data.repository.query.parser.Part.<init>(Part.java:81) ~[spring-data-commons-3.4.4.jar:3.4.4]
	at org.springframework.data.repository.query.parser.PartTree$OrPart.lambda$new$0(PartTree.java:259) ~[spring-data-commons-3.4.4.jar:3.4.4]
	at java.base/java.util.stream.ReferencePipeline$3$1.accept(ReferencePipeline.java:197) ~[na:na]
	at java.base/java.util.stream.ReferencePipeline$2$1.accept(ReferencePipeline.java:179) ~[na:na]
	at java.base/java.util.Spliterators$ArraySpliterator.forEachRemaining(Spliterators.java:992) ~[na:na]
	at java.base/java.util.stream.AbstractPipeline.copyInto(AbstractPipeline.java:509) ~[na:na]
	at java.base/java.util.stream.AbstractPipeline.wrapAndCopyInto(AbstractPipeline.java:499) ~[na:na]
	at java.base/java.util.stream.ReduceOps$ReduceOp.evaluateSequential(ReduceOps.java:921) ~[na:na]
	at java.base/java.util.stream.AbstractPipeline.evaluate(AbstractPipeline.java:234) ~[na:na]
	at java.base/java.util.stream.ReferencePipeline.collect(ReferencePipeline.java:682) ~[na:na]
	at org.springframework.data.repository.query.parser.PartTree$OrPart.<init>(PartTree.java:260) ~[spring-data-commons-3.4.4.jar:3.4.4]
	at org.springframework.data.repository.query.parser.PartTree$Predicate.lambda$new$0(PartTree.java:389) ~[spring-data-commons-3.4.4.jar:3.4.4]
	at java.base/java.util.stream.ReferencePipeline$3$1.accept(ReferencePipeline.java:197) ~[na:na]
	at java.base/java.util.stream.ReferencePipeline$2$1.accept(ReferencePipeline.java:179) ~[na:na]
	at java.base/java.util.Spliterators$ArraySpliterator.forEachRemaining(Spliterators.java:992) ~[na:na]
	at java.base/java.util.stream.AbstractPipeline.copyInto(AbstractPipeline.java:509) ~[na:na]
	at java.base/java.util.stream.AbstractPipeline.wrapAndCopyInto(AbstractPipeline.java:499) ~[na:na]
	at java.base/java.util.stream.ReduceOps$ReduceOp.evaluateSequential(ReduceOps.java:921) ~[na:na]
	at java.base/java.util.stream.AbstractPipeline.evaluate(AbstractPipeline.java:234) ~[na:na]
	at java.base/java.util.stream.ReferencePipeline.collect(ReferencePipeline.java:682) ~[na:na]
	at org.springframework.data.repository.query.parser.PartTree$Predicate.<init>(PartTree.java:390) ~[spring-data-commons-3.4.4.jar:3.4.4]
	at org.springframework.data.repository.query.parser.PartTree.<init>(PartTree.java:103) ~[spring-data-commons-3.4.4.jar:3.4.4]
	at org.springframework.data.jpa.repository.query.PartTreeJpaQuery.<init>(PartTreeJpaQuery.java:101) ~[spring-data-jpa-3.4.4.jar:3.4.4]
	... 47 common frames omitted

2025-10-21T00:30:50.369+05:30  INFO 4185 --- [main] c.e.ecommerce.EcommerceApplication       : Starting EcommerceApplication using Java 17.0.16 with PID 4185 (/Users/juheesaxena/ShopEase-Ecommerce/target/classes started by juheesaxena in /Users/juheesaxena/ShopEase-Ecommerce)
2025-10-21T00:30:50.370+05:30 DEBUG 4185 --- [main] c.e.ecommerce.EcommerceApplication       : Running with Spring Boot v3.4.4, Spring v6.2.5
2025-10-21T00:30:50.372+05:30  INFO 4185 --- [main] c.e.ecommerce.EcommerceApplication       : No active profile set, falling back to 1 default profile: "default"
2025-10-21T00:30:50.584+05:30  INFO 4185 --- [main] .s.d.r.c.RepositoryConfigurationDelegate : Bootstrapping Spring Data JPA repositories in DEFAULT mode.
2025-10-21T00:30:50.614+05:30  INFO 4185 --- [main] .s.d.r.c.RepositoryConfigurationDelegate : Finished Spring Data repository scanning in 27 ms. Found 13 JPA repository interfaces.
2025-10-21T00:30:50.783+05:30  INFO 4185 --- [main] o.s.b.w.embedded.tomcat.TomcatWebServer  : Tomcat initialized with port 8080 (http)
2025-10-21T00:30:50.788+05:30  INFO 4185 --- [main] o.apache.catalina.core.StandardService   : Starting service [Tomcat]
2025-10-21T00:30:50.788+05:30  INFO 4185 --- [main] o.apache.catalina.core.StandardEngine    : Starting Servlet engine: [Apache Tomcat/10.1.39]
2025-10-21T00:30:50.804+05:30  INFO 4185 --- [main] o.a.c.c.C.[Tomcat].[localhost].[/]       : Initializing Spring embedded WebApplicationContext
2025-10-21T00:30:50.804+05:30  INFO 4185 --- [main] w.s.c.ServletWebServerApplicationContext : Root WebApplicationContext: initialization completed in 419 ms
2025-10-21T00:30:50.854+05:30  INFO 4185 --- [main] o.hibernate.jpa.internal.util.LogHelper  : HHH000204: Processing PersistenceUnitInfo [name: default]
2025-10-21T00:30:50.873+05:30  INFO 4185 --- [main] org.hibernate.Version                    : HHH000412: Hibernate ORM core version 6.6.11.Final
2025-10-21T00:30:50.886+05:30  INFO 4185 --- [main] o.h.c.internal.RegionFactoryInitiator    : HHH000026: Second-level cache disabled
2025-10-21T00:30:50.960+05:30  INFO 4185 --- [main] o.s.o.j.p.SpringPersistenceUnitInfo      : No LoadTimeWeaver setup: ignoring JPA class transformer
2025-10-21T00:30:50.969+05:30  INFO 4185 --- [main] com.zaxxer.hikari.HikariDataSource       : HikariPool-1 - Starting...
2025-10-21T00:30:51.027+05:30  INFO 4185 --- [main] com.zaxxer.hikari.pool.HikariPool        : HikariPool-1 - Added connection com.mysql.cj.jdbc.ConnectionImpl@6cbdd1c5
2025-10-21T00:30:51.028+05:30  INFO 4185 --- [main] com.zaxxer.hikari.HikariDataSource       : HikariPool-1 - Start completed.
2025-10-21T00:30:51.045+05:30  WARN 4185 --- [main] org.hibernate.orm.deprecation            : HHH90000025: MySQL8Dialect does not need to be specified explicitly using 'hibernate.dialect' (remove the property setting and it will be selected by default)
2025-10-21T00:30:51.045+05:30  WARN 4185 --- [main] org.hibernate.orm.deprecation            : HHH90000026: MySQL8Dialect has been deprecated; use org.hibernate.dialect.MySQLDialect instead
2025-10-21T00:30:51.051+05:30  INFO 4185 --- [main] org.hibernate.orm.connections.pooling    : HHH10001005: Database info:
	Database JDBC URL [Connecting through datasource 'HikariDataSource (HikariPool-1)']
	Database driver: undefined/unknown
	Database version: 8.0
	Autocommit mode: undefined/unknown
	Isolation level: undefined/unknown
	Minimum pool size: undefined/unknown
	Maximum pool size: undefined/unknown
2025-10-21T00:30:51.387+05:30  INFO 4185 --- [main] o.h.e.t.j.p.i.JtaPlatformInitiator       : HHH000489: No JTA platform available (set 'hibernate.transaction.jta.platform' to enable JTA platform integration)
2025-10-21T00:30:51.463+05:30  INFO 4185 --- [main] j.LocalContainerEntityManagerFactoryBean : Initialized JPA EntityManagerFactory for persistence unit 'default'
2025-10-21T00:30:51.540+05:30  INFO 4185 --- [main] o.s.d.j.r.query.QueryEnhancerFactory     : Hibernate is in classpath; If applicable, HQL parser will be used.
2025-10-21T00:30:52.438+05:30  WARN 4185 --- [main] JpaBaseConfiguration$JpaWebConfiguration : spring.jpa.open-in-view is enabled by default. Therefore, database queries may be performed during view rendering. Explicitly configure spring.jpa.open-in-view to disable this warning
2025-10-21T00:30:52.443+05:30  WARN 4185 --- [main] r$InitializeUserDetailsManagerConfigurer : Global AuthenticationManager configured with an AuthenticationProvider bean. UserDetailsService beans will not be used by Spring Security for automatically configuring username/password login. Consider removing the AuthenticationProvider bean. Alternatively, consider using the UserDetailsService in a manually instantiated DaoAuthenticationProvider. If the current configuration is intentional, to turn off this warning, increase the logging level of 'org.springframework.security.config.annotation.authentication.configuration.InitializeUserDetailsBeanManagerConfigurer' to ERROR
2025-10-21T00:30:52.621+05:30  INFO 4185 --- [main] o.s.b.w.embedded.tomcat.TomcatWebServer  : Tomcat started on port 8080 (http) with context path '/'
2025-10-21T00:30:52.625+05:30  INFO 4185 --- [main] c.e.ecommerce.EcommerceApplication       : Started EcommerceApplication in 2.39 seconds (process running for 2.495)
2025-10-21T00:30:54.979+05:30  INFO 4185 --- [SpringApplicationShutdownHook] o.s.b.w.e.tomcat.GracefulShutdown        : Commencing graceful shutdown. Waiting for active requests to complete
2025-10-21T00:30:54.982+05:30  INFO 4185 --- [tomcat-shutdown] o.s.b.w.e.tomcat.GracefulShutdown        : Graceful shutdown complete
2025-10-21T00:30:54.986+05:30  INFO 4185 --- [SpringApplicationShutdownHook] j.LocalContainerEntityManagerFactoryBean : Closing JPA EntityManagerFactory for persistence unit 'default'
2025-10-21T00:30:54.987+05:30  INFO 4185 --- [SpringApplicationShutdownHook] com.zaxxer.hikari.HikariDataSource       : HikariPool-1 - Shutdown initiated...
2025-10-21T00:30:54.990+05:30  INFO 4185 --- [SpringApplicationShutdownHook] com.zaxxer.hikari.HikariDataSource       : HikariPool-1 - Shutdown completed.
2025-10-21T00:31:01.785+05:30  INFO 4216 --- [main] c.e.ecommerce.EcommerceApplication       : Starting EcommerceApplication using Java 17.0.16 with PID 4216 (/Users/juheesaxena/ShopEase-Ecommerce/target/classes started by juheesaxena in /Users/juheesaxena/ShopEase-Ecommerce)
2025-10-21T00:31:01.786+05:30 DEBUG 4216 --- [main] c.e.ecommerce.EcommerceApplication       : Running with Spring Boot v3.4.4, Spring v6.2.5
2025-10-21T00:31:01.786+05:30  INFO 4216 --- [main] c.e.ecommerce.EcommerceApplication       : No active profile set, falling back to 1 default profile: "default"
2025-10-21T00:31:01.975+05:30  INFO 4216 --- [main] .s.d.r.c.RepositoryConfigurationDelegate : Bootstrapping Spring Data JPA repositories in DEFAULT mode.
2025-10-21T00:31:02.003+05:30  INFO 4216 --- [main] .s.d.r.c.RepositoryConfigurationDelegate : Finished Spring Data repository scanning in 25 ms. Found 13 JPA repository interfaces.
2025-10-21T00:31:02.160+05:30  INFO 4216 --- [main] o.s.b.w.embedded.tomcat.TomcatWebServer  : Tomcat initialized with port 8080 (http)
2025-10-21T00:31:02.164+05:30  INFO 4216 --- [main] o.apache.catalina.core.StandardService   : Starting service [Tomcat]
2025-10-21T00:31:02.164+05:30  INFO 4216 --- [main] o.apache.catalina.core.StandardEngine    : Starting Servlet engine: [Apache Tomcat/10.1.39]
2025-10-21T00:31:02.179+05:30  INFO 4216 --- [main] o.a.c.c.C.[Tomcat].[localhost].[/]       : Initializing Spring embedded WebApplicationContext
2025-10-21T00:31:02.179+05:30  INFO 4216 --- [main] w.s.c.ServletWebServerApplicationContext : Root WebApplicationContext: initialization completed in 381 ms
2025-10-21T00:31:02.226+05:30  INFO 4216 --- [main] o.hibernate.jpa.internal.util.LogHelper  : HHH000204: Processing PersistenceUnitInfo [name: default]
2025-10-21T00:31:02.246+05:30  INFO 4216 --- [main] org.hibernate.Version                    : HHH000412: Hibernate ORM core version 6.6.11.Final
2025-10-21T00:31:02.255+05:30  INFO 4216 --- [main] o.h.c.internal.RegionFactoryInitiator    : HHH000026: Second-level cache disabled
2025-10-21T00:31:02.320+05:30  INFO 4216 --- [main] o.s.o.j.p.SpringPersistenceUnitInfo      : No LoadTimeWeaver setup: ignoring JPA class transformer
2025-10-21T00:31:02.328+05:30  INFO 4216 --- [main] com.zaxxer.hikari.HikariDataSource       : HikariPool-1 - Starting...
2025-10-21T00:31:02.382+05:30  INFO 4216 --- [main] com.zaxxer.hikari.pool.HikariPool        : HikariPool-1 - Added connection com.mysql.cj.jdbc.ConnectionImpl@72324965
2025-10-21T00:31:02.382+05:30  INFO 4216 --- [main] com.zaxxer.hikari.HikariDataSource       : HikariPool-1 - Start completed.
2025-10-21T00:31:02.397+05:30  WARN 4216 --- [main] org.hibernate.orm.deprecation            : HHH90000025: MySQL8Dialect does not need to be specified explicitly using 'hibernate.dialect' (remove the property setting and it will be selected by default)
2025-10-21T00:31:02.398+05:30  WARN 4216 --- [main] org.hibernate.orm.deprecation            : HHH90000026: MySQL8Dialect has been deprecated; use org.hibernate.dialect.MySQLDialect instead
2025-10-21T00:31:02.403+05:30  INFO 4216 --- [main] org.hibernate.orm.connections.pooling    : HHH10001005: Database info:
	Database JDBC URL [Connecting through datasource 'HikariDataSource (HikariPool-1)']
	Database driver: undefined/unknown
	Database version: 8.0
	Autocommit mode: undefined/unknown
	Isolation level: undefined/unknown
	Minimum pool size: undefined/unknown
	Maximum pool size: undefined/unknown
2025-10-21T00:31:02.720+05:30  INFO 4216 --- [main] o.h.e.t.j.p.i.JtaPlatformInitiator       : HHH000489: No JTA platform available (set 'hibernate.transaction.jta.platform' to enable JTA platform integration)
2025-10-21T00:31:02.777+05:30  INFO 4216 --- [main] j.LocalContainerEntityManagerFactoryBean : Initialized JPA EntityManagerFactory for persistence unit 'default'
2025-10-21T00:31:02.846+05:30  INFO 4216 --- [main] o.s.d.j.r.query.QueryEnhancerFactory     : Hibernate is in classpath; If applicable, HQL parser will be used.
2025-10-21T00:31:03.690+05:30  WARN 4216 --- [main] JpaBaseConfiguration$JpaWebConfiguration : spring.jpa.open-in-view is enabled by default. Therefore, database queries may be performed during view rendering. Explicitly configure spring.jpa.open-in-view to disable this warning
2025-10-21T00:31:03.695+05:30  WARN 4216 --- [main] r$InitializeUserDetailsManagerConfigurer : Global AuthenticationManager configured with an AuthenticationProvider bean. UserDetailsService beans will not be used by Spring Security for automatically configuring username/password login. Consider removing the AuthenticationProvider bean. Alternatively, consider using the UserDetailsService in a manually instantiated DaoAuthenticationProvider. If the current configuration is intentional, to turn off this warning, increase the logging level of 'org.springframework.security.config.annotation.authentication.configuration.InitializeUserDetailsBeanManagerConfigurer' to ERROR
2025-10-21T00:31:03.860+05:30  INFO 4216 --- [main] o.s.b.w.embedded.tomcat.TomcatWebServer  : Tomcat started on port 8080 (http) with context path '/'
2025-10-21T00:31:03.864+05:30  INFO 4216 --- [main] c.e.ecommerce.EcommerceApplication       : Started EcommerceApplication in 2.204 seconds (process running for 2.295)
2025-10-21T00:31:08.966+05:30  INFO 4216 --- [http-nio-8080-exec-1] o.a.c.c.C.[Tomcat].[localhost].[/]       : Initializing Spring DispatcherServlet 'dispatcherServlet'
2025-10-21T00:31:08.966+05:30  INFO 4216 --- [http-nio-8080-exec-1] o.s.web.servlet.DispatcherServlet        : Initializing Servlet 'dispatcherServlet'
2025-10-21T00:31:08.967+05:30  INFO 4216 --- [http-nio-8080-exec-1] o.s.web.servlet.DispatcherServlet        : Completed initialization in 0 ms
2025-10-21T00:48:40.941+05:30  INFO 4216 --- [SpringApplicationShutdownHook] o.s.b.w.e.tomcat.GracefulShutdown        : Commencing graceful shutdown. Waiting for active requests to complete
2025-10-21T00:48:40.944+05:30  INFO 4216 --- [tomcat-shutdown] o.s.b.w.e.tomcat.GracefulShutdown        : Graceful shutdown complete
2025-10-21T00:48:40.950+05:30  INFO 4216 --- [SpringApplicationShutdownHook] j.LocalContainerEntityManagerFactoryBean : Closing JPA EntityManagerFactory for persistence unit 'default'
2025-10-21T00:48:40.954+05:30  INFO 4216 --- [SpringApplicationShutdownHook] com.zaxxer.hikari.HikariDataSource       : HikariPool-1 - Shutdown initiated...
2025-10-21T00:48:40.958+05:30  INFO 4216 --- [SpringApplicationShutdownHook] com.zaxxer.hikari.HikariDataSource       : HikariPool-1 - Shutdown completed.
2025-10-21T00:49:01.006+05:30  INFO 4469 --- [main] c.e.ecommerce.EcommerceApplication       : Starting EcommerceApplication using Java 17.0.16 with PID 4469 (/Users/juheesaxena/ShopEase-Ecommerce/target/classes started by juheesaxena in /Users/juheesaxena/ShopEase-Ecommerce)
2025-10-21T00:49:01.007+05:30 DEBUG 4469 --- [main] c.e.ecommerce.EcommerceApplication       : Running with Spring Boot v3.4.4, Spring v6.2.5
2025-10-21T00:49:01.007+05:30  INFO 4469 --- [main] c.e.ecommerce.EcommerceApplication       : No active profile set, falling back to 1 default profile: "default"
2025-10-21T00:49:01.219+05:30  INFO 4469 --- [main] .s.d.r.c.RepositoryConfigurationDelegate : Bootstrapping Spring Data JPA repositories in DEFAULT mode.
2025-10-21T00:49:01.249+05:30  INFO 4469 --- [main] .s.d.r.c.RepositoryConfigurationDelegate : Finished Spring Data repository scanning in 26 ms. Found 13 JPA repository interfaces.
2025-10-21T00:49:01.417+05:30  INFO 4469 --- [main] o.s.b.w.embedded.tomcat.TomcatWebServer  : Tomcat initialized with port 8080 (http)
2025-10-21T00:49:01.421+05:30  INFO 4469 --- [main] o.apache.catalina.core.StandardService   : Starting service [Tomcat]
2025-10-21T00:49:01.421+05:30  INFO 4469 --- [main] o.apache.catalina.core.StandardEngine    : Starting Servlet engine: [Apache Tomcat/10.1.39]
2025-10-21T00:49:01.437+05:30  INFO 4469 --- [main] o.a.c.c.C.[Tomcat].[localhost].[/]       : Initializing Spring embedded WebApplicationContext
2025-10-21T00:49:01.438+05:30  INFO 4469 --- [main] w.s.c.ServletWebServerApplicationContext : Root WebApplicationContext: initialization completed in 419 ms
2025-10-21T00:49:01.490+05:30  INFO 4469 --- [main] o.hibernate.jpa.internal.util.LogHelper  : HHH000204: Processing PersistenceUnitInfo [name: default]
2025-10-21T00:49:01.513+05:30  INFO 4469 --- [main] org.hibernate.Version                    : HHH000412: Hibernate ORM core version 6.6.11.Final
2025-10-21T00:49:01.522+05:30  INFO 4469 --- [main] o.h.c.internal.RegionFactoryInitiator    : HHH000026: Second-level cache disabled
2025-10-21T00:49:01.595+05:30  INFO 4469 --- [main] o.s.o.j.p.SpringPersistenceUnitInfo      : No LoadTimeWeaver setup: ignoring JPA class transformer
2025-10-21T00:49:01.603+05:30  INFO 4469 --- [main] com.zaxxer.hikari.HikariDataSource       : HikariPool-1 - Starting...
2025-10-21T00:49:01.661+05:30  INFO 4469 --- [main] com.zaxxer.hikari.pool.HikariPool        : HikariPool-1 - Added connection com.mysql.cj.jdbc.ConnectionImpl@210a26b
2025-10-21T00:49:01.662+05:30  INFO 4469 --- [main] com.zaxxer.hikari.HikariDataSource       : HikariPool-1 - Start completed.
2025-10-21T00:49:01.680+05:30  WARN 4469 --- [main] org.hibernate.orm.deprecation            : HHH90000025: MySQL8Dialect does not need to be specified explicitly using 'hibernate.dialect' (remove the property setting and it will be selected by default)
2025-10-21T00:49:01.680+05:30  WARN 4469 --- [main] org.hibernate.orm.deprecation            : HHH90000026: MySQL8Dialect has been deprecated; use org.hibernate.dialect.MySQLDialect instead
2025-10-21T00:49:01.686+05:30  INFO 4469 --- [main] org.hibernate.orm.connections.pooling    : HHH10001005: Database info:
	Database JDBC URL [Connecting through datasource 'HikariDataSource (HikariPool-1)']
	Database driver: undefined/unknown
	Database version: 8.0
	Autocommit mode: undefined/unknown
	Isolation level: undefined/unknown
	Minimum pool size: undefined/unknown
	Maximum pool size: undefined/unknown
2025-10-21T00:49:02.025+05:30  INFO 4469 --- [main] o.h.e.t.j.p.i.JtaPlatformInitiator       : HHH000489: No JTA platform available (set 'hibernate.transaction.jta.platform' to enable JTA platform integration)
2025-10-21T00:49:02.102+05:30  INFO 4469 --- [main] j.LocalContainerEntityManagerFactoryBean : Initialized JPA EntityManagerFactory for persistence unit 'default'
2025-10-21T00:49:02.180+05:30  INFO 4469 --- [main] o.s.d.j.r.query.QueryEnhancerFactory     : Hibernate is in classpath; If applicable, HQL parser will be used.
2025-10-21T00:49:03.057+05:30  WARN 4469 --- [main] JpaBaseConfiguration$JpaWebConfiguration : spring.jpa.open-in-view is enabled by default. Therefore, database queries may be performed during view rendering. Explicitly configure spring.jpa.open-in-view to disable this warning
2025-10-21T00:49:03.062+05:30  WARN 4469 --- [main] r$InitializeUserDetailsManagerConfigurer : Global AuthenticationManager configured with an AuthenticationProvider bean. UserDetailsService beans will not be used by Spring Security for automatically configuring username/password login. Consider removing the AuthenticationProvider bean. Alternatively, consider using the UserDetailsService in a manually instantiated DaoAuthenticationProvider. If the current configuration is intentional, to turn off this warning, increase the logging level of 'org.springframework.security.config.annotation.authentication.configuration.InitializeUserDetailsBeanManagerConfigurer' to ERROR
2025-10-21T00:49:03.247+05:30  INFO 4469 --- [main] o.s.b.w.embedded.tomcat.TomcatWebServer  : Tomcat started on port 8080 (http) with context path '/'
2025-10-21T00:49:03.251+05:30  INFO 4469 --- [main] c.e.ecommerce.EcommerceApplication       : Started EcommerceApplication in 2.377 seconds (process running for 2.478)
2025-10-21T00:49:07.842+05:30  INFO 4469 --- [http-nio-8080-exec-1] o.a.c.c.C.[Tomcat].[localhost].[/]       : Initializing Spring DispatcherServlet 'dispatcherServlet'
2025-10-21T00:49:07.843+05:30  INFO 4469 --- [http-nio-8080-exec-1] o.s.web.servlet.DispatcherServlet        : Initializing Servlet 'dispatcherServlet'
2025-10-21T00:49:07.844+05:30  INFO 4469 --- [http-nio-8080-exec-1] o.s.web.servlet.DispatcherServlet        : Completed initialization in 1 ms
2025-10-21T00:52:46.177+05:30  INFO 4469 --- [SpringApplicationShutdownHook] o.s.b.w.e.tomcat.GracefulShutdown        : Commencing graceful shutdown. Waiting for active requests to complete
2025-10-21T00:52:46.181+05:30  INFO 4469 --- [tomcat-shutdown] o.s.b.w.e.tomcat.GracefulShutdown        : Graceful shutdown complete
2025-10-21T00:52:46.186+05:30  INFO 4469 --- [SpringApplicationShutdownHook] j.LocalContainerEntityManagerFactoryBean : Closing JPA EntityManagerFactory for persistence unit 'default'
2025-10-21T00:52:46.191+05:30  INFO 4469 --- [SpringApplicationShutdownHook] com.zaxxer.hikari.HikariDataSource       : HikariPool-1 - Shutdown initiated...
2025-10-21T00:52:46.196+05:30  INFO 4469 --- [SpringApplicationShutdownHook] com.zaxxer.hikari.HikariDataSource       : HikariPool-1 - Shutdown completed.
2025-10-21T00:56:03.278+05:30  INFO 4720 --- [main] c.e.ecommerce.EcommerceApplication       : Starting EcommerceApplication using Java 17.0.16 with PID 4720 (/Users/juheesaxena/ShopEase-Ecommerce/target/classes started by juheesaxena in /Users/juheesaxena/ShopEase-Ecommerce)
2025-10-21T00:56:03.279+05:30 DEBUG 4720 --- [main] c.e.ecommerce.EcommerceApplication       : Running with Spring Boot v3.4.4, Spring v6.2.5
2025-10-21T00:56:03.279+05:30  INFO 4720 --- [main] c.e.ecommerce.EcommerceApplication       : No active profile set, falling back to 1 default profile: "default"
2025-10-21T00:56:03.486+05:30  INFO 4720 --- [main] .s.d.r.c.RepositoryConfigurationDelegate : Bootstrapping Spring Data JPA repositories in DEFAULT mode.
2025-10-21T00:56:03.517+05:30  INFO 4720 --- [main] .s.d.r.c.RepositoryConfigurationDelegate : Finished Spring Data repository scanning in 27 ms. Found 13 JPA repository interfaces.
2025-10-21T00:56:03.688+05:30  INFO 4720 --- [main] o.s.b.w.embedded.tomcat.TomcatWebServer  : Tomcat initialized with port 8080 (http)
2025-10-21T00:56:03.692+05:30  INFO 4720 --- [main] o.apache.catalina.core.StandardService   : Starting service [Tomcat]
2025-10-21T00:56:03.692+05:30  INFO 4720 --- [main] o.apache.catalina.core.StandardEngine    : Starting Servlet engine: [Apache Tomcat/10.1.39]
2025-10-21T00:56:03.708+05:30  INFO 4720 --- [main] o.a.c.c.C.[Tomcat].[localhost].[/]       : Initializing Spring embedded WebApplicationContext
2025-10-21T00:56:03.708+05:30  INFO 4720 --- [main] w.s.c.ServletWebServerApplicationContext : Root WebApplicationContext: initialization completed in 417 ms
2025-10-21T00:56:03.758+05:30  INFO 4720 --- [main] o.hibernate.jpa.internal.util.LogHelper  : HHH000204: Processing PersistenceUnitInfo [name: default]
2025-10-21T00:56:03.776+05:30  INFO 4720 --- [main] org.hibernate.Version                    : HHH000412: Hibernate ORM core version 6.6.11.Final
2025-10-21T00:56:03.789+05:30  INFO 4720 --- [main] o.h.c.internal.RegionFactoryInitiator    : HHH000026: Second-level cache disabled
2025-10-21T00:56:03.862+05:30  INFO 4720 --- [main] o.s.o.j.p.SpringPersistenceUnitInfo      : No LoadTimeWeaver setup: ignoring JPA class transformer
2025-10-21T00:56:03.871+05:30  INFO 4720 --- [main] com.zaxxer.hikari.HikariDataSource       : HikariPool-1 - Starting...
2025-10-21T00:56:03.928+05:30  INFO 4720 --- [main] com.zaxxer.hikari.pool.HikariPool        : HikariPool-1 - Added connection com.mysql.cj.jdbc.ConnectionImpl@642c72cf
2025-10-21T00:56:03.929+05:30  INFO 4720 --- [main] com.zaxxer.hikari.HikariDataSource       : HikariPool-1 - Start completed.
2025-10-21T00:56:03.944+05:30  WARN 4720 --- [main] org.hibernate.orm.deprecation            : HHH90000025: MySQL8Dialect does not need to be specified explicitly using 'hibernate.dialect' (remove the property setting and it will be selected by default)
2025-10-21T00:56:03.945+05:30  WARN 4720 --- [main] org.hibernate.orm.deprecation            : HHH90000026: MySQL8Dialect has been deprecated; use org.hibernate.dialect.MySQLDialect instead
2025-10-21T00:56:03.951+05:30  INFO 4720 --- [main] org.hibernate.orm.connections.pooling    : HHH10001005: Database info:
	Database JDBC URL [Connecting through datasource 'HikariDataSource (HikariPool-1)']
	Database driver: undefined/unknown
	Database version: 8.0
	Autocommit mode: undefined/unknown
	Isolation level: undefined/unknown
	Minimum pool size: undefined/unknown
	Maximum pool size: undefined/unknown
2025-10-21T00:56:04.286+05:30  INFO 4720 --- [main] o.h.e.t.j.p.i.JtaPlatformInitiator       : HHH000489: No JTA platform available (set 'hibernate.transaction.jta.platform' to enable JTA platform integration)
2025-10-21T00:56:04.361+05:30  INFO 4720 --- [main] j.LocalContainerEntityManagerFactoryBean : Initialized JPA EntityManagerFactory for persistence unit 'default'
2025-10-21T00:56:04.438+05:30  INFO 4720 --- [main] o.s.d.j.r.query.QueryEnhancerFactory     : Hibernate is in classpath; If applicable, HQL parser will be used.
2025-10-21T00:56:05.324+05:30  WARN 4720 --- [main] JpaBaseConfiguration$JpaWebConfiguration : spring.jpa.open-in-view is enabled by default. Therefore, database queries may be performed during view rendering. Explicitly configure spring.jpa.open-in-view to disable this warning
2025-10-21T00:56:05.329+05:30  WARN 4720 --- [main] r$InitializeUserDetailsManagerConfigurer : Global AuthenticationManager configured with an AuthenticationProvider bean. UserDetailsService beans will not be used by Spring Security for automatically configuring username/password login. Consider removing the AuthenticationProvider bean. Alternatively, consider using the UserDetailsService in a manually instantiated DaoAuthenticationProvider. If the current configuration is intentional, to turn off this warning, increase the logging level of 'org.springframework.security.config.annotation.authentication.configuration.InitializeUserDetailsBeanManagerConfigurer' to ERROR
2025-10-21T00:56:05.511+05:30  INFO 4720 --- [main] o.s.b.w.embedded.tomcat.TomcatWebServer  : Tomcat started on port 8080 (http) with context path '/'
2025-10-21T00:56:05.516+05:30  INFO 4720 --- [main] c.e.ecommerce.EcommerceApplication       : Started EcommerceApplication in 2.369 seconds (process running for 2.471)
2025-10-21T00:56:10.078+05:30  INFO 4720 --- [http-nio-8080-exec-1] o.a.c.c.C.[Tomcat].[localhost].[/]       : Initializing Spring DispatcherServlet 'dispatcherServlet'
2025-10-21T00:56:10.079+05:30  INFO 4720 --- [http-nio-8080-exec-1] o.s.web.servlet.DispatcherServlet        : Initializing Servlet 'dispatcherServlet'
2025-10-21T00:56:10.080+05:30  INFO 4720 --- [http-nio-8080-exec-1] o.s.web.servlet.DispatcherServlet        : Completed initialization in 1 ms
2025-10-21T00:57:21.722+05:30  INFO 4720 --- [SpringApplicationShutdownHook] o.s.b.w.e.tomcat.GracefulShutdown        : Commencing graceful shutdown. Waiting for active requests to complete
2025-10-21T00:57:21.726+05:30  INFO 4720 --- [tomcat-shutdown] o.s.b.w.e.tomcat.GracefulShutdown        : Graceful shutdown complete
2025-10-21T00:57:21.734+05:30  INFO 4720 --- [SpringApplicationShutdownHook] j.LocalContainerEntityManagerFactoryBean : Closing JPA EntityManagerFactory for persistence unit 'default'
2025-10-21T00:57:21.738+05:30  INFO 4720 --- [SpringApplicationShutdownHook] com.zaxxer.hikari.HikariDataSource       : HikariPool-1 - Shutdown initiated...
2025-10-21T00:57:21.742+05:30  INFO 4720 --- [SpringApplicationShutdownHook] com.zaxxer.hikari.HikariDataSource       : HikariPool-1 - Shutdown completed.
2025-10-21T00:59:08.155+05:30  INFO 4804 --- [main] c.e.ecommerce.EcommerceApplication       : Starting EcommerceApplication using Java 17.0.16 with PID 4804 (/Users/juheesaxena/ShopEase-Ecommerce/target/classes started by juheesaxena in /Users/juheesaxena/ShopEase-Ecommerce)
2025-10-21T00:59:08.156+05:30 DEBUG 4804 --- [main] c.e.ecommerce.EcommerceApplication       : Running with Spring Boot v3.4.4, Spring v6.2.5
2025-10-21T00:59:08.156+05:30  INFO 4804 --- [main] c.e.ecommerce.EcommerceApplication       : No active profile set, falling back to 1 default profile: "default"
2025-10-21T00:59:08.362+05:30  INFO 4804 --- [main] .s.d.r.c.RepositoryConfigurationDelegate : Bootstrapping Spring Data JPA repositories in DEFAULT mode.
2025-10-21T00:59:08.394+05:30  INFO 4804 --- [main] .s.d.r.c.RepositoryConfigurationDelegate : Finished Spring Data repository scanning in 28 ms. Found 13 JPA repository interfaces.
2025-10-21T00:59:08.566+05:30  INFO 4804 --- [main] o.s.b.w.embedded.tomcat.TomcatWebServer  : Tomcat initialized with port 8080 (http)
2025-10-21T00:59:08.571+05:30  INFO 4804 --- [main] o.apache.catalina.core.StandardService   : Starting service [Tomcat]
2025-10-21T00:59:08.571+05:30  INFO 4804 --- [main] o.apache.catalina.core.StandardEngine    : Starting Servlet engine: [Apache Tomcat/10.1.39]
2025-10-21T00:59:08.587+05:30  INFO 4804 --- [main] o.a.c.c.C.[Tomcat].[localhost].[/]       : Initializing Spring embedded WebApplicationContext
2025-10-21T00:59:08.588+05:30  INFO 4804 --- [main] w.s.c.ServletWebServerApplicationContext : Root WebApplicationContext: initialization completed in 420 ms
2025-10-21T00:59:08.639+05:30  INFO 4804 --- [main] o.hibernate.jpa.internal.util.LogHelper  : HHH000204: Processing PersistenceUnitInfo [name: default]
2025-10-21T00:59:08.661+05:30  INFO 4804 --- [main] org.hibernate.Version                    : HHH000412: Hibernate ORM core version 6.6.11.Final
2025-10-21T00:59:08.670+05:30  INFO 4804 --- [main] o.h.c.internal.RegionFactoryInitiator    : HHH000026: Second-level cache disabled
2025-10-21T00:59:08.744+05:30  INFO 4804 --- [main] o.s.o.j.p.SpringPersistenceUnitInfo      : No LoadTimeWeaver setup: ignoring JPA class transformer
2025-10-21T00:59:08.752+05:30  INFO 4804 --- [main] com.zaxxer.hikari.HikariDataSource       : HikariPool-1 - Starting...
2025-10-21T00:59:08.812+05:30  INFO 4804 --- [main] com.zaxxer.hikari.pool.HikariPool        : HikariPool-1 - Added connection com.mysql.cj.jdbc.ConnectionImpl@745926c3
2025-10-21T00:59:08.812+05:30  INFO 4804 --- [main] com.zaxxer.hikari.HikariDataSource       : HikariPool-1 - Start completed.
2025-10-21T00:59:08.829+05:30  WARN 4804 --- [main] org.hibernate.orm.deprecation            : HHH90000025: MySQL8Dialect does not need to be specified explicitly using 'hibernate.dialect' (remove the property setting and it will be selected by default)
2025-10-21T00:59:08.830+05:30  WARN 4804 --- [main] org.hibernate.orm.deprecation            : HHH90000026: MySQL8Dialect has been deprecated; use org.hibernate.dialect.MySQLDialect instead
2025-10-21T00:59:08.837+05:30  INFO 4804 --- [main] org.hibernate.orm.connections.pooling    : HHH10001005: Database info:
	Database JDBC URL [Connecting through datasource 'HikariDataSource (HikariPool-1)']
	Database driver: undefined/unknown
	Database version: 8.0
	Autocommit mode: undefined/unknown
	Isolation level: undefined/unknown
	Minimum pool size: undefined/unknown
	Maximum pool size: undefined/unknown
2025-10-21T00:59:09.175+05:30  INFO 4804 --- [main] o.h.e.t.j.p.i.JtaPlatformInitiator       : HHH000489: No JTA platform available (set 'hibernate.transaction.jta.platform' to enable JTA platform integration)
2025-10-21T00:59:09.245+05:30  INFO 4804 --- [main] j.LocalContainerEntityManagerFactoryBean : Initialized JPA EntityManagerFactory for persistence unit 'default'
2025-10-21T00:59:09.324+05:30  INFO 4804 --- [main] o.s.d.j.r.query.QueryEnhancerFactory     : Hibernate is in classpath; If applicable, HQL parser will be used.
2025-10-21T00:59:10.208+05:30  WARN 4804 --- [main] JpaBaseConfiguration$JpaWebConfiguration : spring.jpa.open-in-view is enabled by default. Therefore, database queries may be performed during view rendering. Explicitly configure spring.jpa.open-in-view to disable this warning
2025-10-21T00:59:10.213+05:30  WARN 4804 --- [main] r$InitializeUserDetailsManagerConfigurer : Global AuthenticationManager configured with an AuthenticationProvider bean. UserDetailsService beans will not be used by Spring Security for automatically configuring username/password login. Consider removing the AuthenticationProvider bean. Alternatively, consider using the UserDetailsService in a manually instantiated DaoAuthenticationProvider. If the current configuration is intentional, to turn off this warning, increase the logging level of 'org.springframework.security.config.annotation.authentication.configuration.InitializeUserDetailsBeanManagerConfigurer' to ERROR
2025-10-21T00:59:10.391+05:30  INFO 4804 --- [main] o.s.b.w.embedded.tomcat.TomcatWebServer  : Tomcat started on port 8080 (http) with context path '/'
2025-10-21T00:59:10.395+05:30  INFO 4804 --- [main] c.e.ecommerce.EcommerceApplication       : Started EcommerceApplication in 2.371 seconds (process running for 2.473)
2025-10-21T00:59:15.178+05:30  INFO 4804 --- [http-nio-8080-exec-1] o.a.c.c.C.[Tomcat].[localhost].[/]       : Initializing Spring DispatcherServlet 'dispatcherServlet'
2025-10-21T00:59:15.178+05:30  INFO 4804 --- [http-nio-8080-exec-1] o.s.web.servlet.DispatcherServlet        : Initializing Servlet 'dispatcherServlet'
2025-10-21T00:59:15.179+05:30  INFO 4804 --- [http-nio-8080-exec-1] o.s.web.servlet.DispatcherServlet        : Completed initialization in 1 ms
2025-10-21T01:09:23.976+05:30  INFO 4804 --- [SpringApplicationShutdownHook] o.s.b.w.e.tomcat.GracefulShutdown        : Commencing graceful shutdown. Waiting for active requests to complete
2025-10-21T01:09:23.981+05:30  INFO 4804 --- [tomcat-shutdown] o.s.b.w.e.tomcat.GracefulShutdown        : Graceful shutdown complete
2025-10-21T01:09:23.987+05:30  INFO 4804 --- [SpringApplicationShutdownHook] j.LocalContainerEntityManagerFactoryBean : Closing JPA EntityManagerFactory for persistence unit 'default'
2025-10-21T01:09:23.993+05:30  INFO 4804 --- [SpringApplicationShutdownHook] com.zaxxer.hikari.HikariDataSource       : HikariPool-1 - Shutdown initiated...
2025-10-21T01:09:23.998+05:30  INFO 4804 --- [SpringApplicationShutdownHook] com.zaxxer.hikari.HikariDataSource       : HikariPool-1 - Shutdown completed.
2025-10-21T01:09:42.905+05:30  INFO 4997 --- [main] c.e.ecommerce.EcommerceApplication       : Starting EcommerceApplication using Java 17.0.16 with PID 4997 (/Users/juheesaxena/ShopEase-Ecommerce/target/classes started by juheesaxena in /Users/juheesaxena/ShopEase-Ecommerce)
2025-10-21T01:09:42.906+05:30 DEBUG 4997 --- [main] c.e.ecommerce.EcommerceApplication       : Running with Spring Boot v3.4.4, Spring v6.2.5
2025-10-21T01:09:42.907+05:30  INFO 4997 --- [main] c.e.ecommerce.EcommerceApplication       : No active profile set, falling back to 1 default profile: "default"
2025-10-21T01:09:43.112+05:30  INFO 4997 --- [main] .s.d.r.c.RepositoryConfigurationDelegate : Bootstrapping Spring Data JPA repositories in DEFAULT mode.
2025-10-21T01:09:43.141+05:30  INFO 4997 --- [main] .s.d.r.c.RepositoryConfigurationDelegate : Finished Spring Data repository scanning in 26 ms. Found 13 JPA repository interfaces.
2025-10-21T01:09:43.308+05:30  INFO 4997 --- [main] o.s.b.w.embedded.tomcat.TomcatWebServer  : Tomcat initialized with port 8080 (http)
2025-10-21T01:09:43.313+05:30  INFO 4997 --- [main] o.apache.catalina.core.StandardService   : Starting service [Tomcat]
2025-10-21T01:09:43.313+05:30  INFO 4997 --- [main] o.apache.catalina.core.StandardEngine    : Starting Servlet engine: [Apache Tomcat/10.1.39]
2025-10-21T01:09:43.329+05:30  INFO 4997 --- [main] o.a.c.c.C.[Tomcat].[localhost].[/]       : Initializing Spring embedded WebApplicationContext
2025-10-21T01:09:43.329+05:30  INFO 4997 --- [main] w.s.c.ServletWebServerApplicationContext : Root WebApplicationContext: initialization completed in 410 ms
2025-10-21T01:09:43.379+05:30  INFO 4997 --- [main] o.hibernate.jpa.internal.util.LogHelper  : HHH000204: Processing PersistenceUnitInfo [name: default]
2025-10-21T01:09:43.402+05:30  INFO 4997 --- [main] org.hibernate.Version                    : HHH000412: Hibernate ORM core version 6.6.11.Final
2025-10-21T01:09:43.411+05:30  INFO 4997 --- [main] o.h.c.internal.RegionFactoryInitiator    : HHH000026: Second-level cache disabled
2025-10-21T01:09:43.483+05:30  INFO 4997 --- [main] o.s.o.j.p.SpringPersistenceUnitInfo      : No LoadTimeWeaver setup: ignoring JPA class transformer
2025-10-21T01:09:43.491+05:30  INFO 4997 --- [main] com.zaxxer.hikari.HikariDataSource       : HikariPool-1 - Starting...
2025-10-21T01:09:43.548+05:30  INFO 4997 --- [main] com.zaxxer.hikari.pool.HikariPool        : HikariPool-1 - Added connection com.mysql.cj.jdbc.ConnectionImpl@47c96f2c
2025-10-21T01:09:43.549+05:30  INFO 4997 --- [main] com.zaxxer.hikari.HikariDataSource       : HikariPool-1 - Start completed.
2025-10-21T01:09:43.566+05:30  WARN 4997 --- [main] org.hibernate.orm.deprecation            : HHH90000025: MySQL8Dialect does not need to be specified explicitly using 'hibernate.dialect' (remove the property setting and it will be selected by default)
2025-10-21T01:09:43.566+05:30  WARN 4997 --- [main] org.hibernate.orm.deprecation            : HHH90000026: MySQL8Dialect has been deprecated; use org.hibernate.dialect.MySQLDialect instead
2025-10-21T01:09:43.572+05:30  INFO 4997 --- [main] org.hibernate.orm.connections.pooling    : HHH10001005: Database info:
	Database JDBC URL [Connecting through datasource 'HikariDataSource (HikariPool-1)']
	Database driver: undefined/unknown
	Database version: 8.0
	Autocommit mode: undefined/unknown
	Isolation level: undefined/unknown
	Minimum pool size: undefined/unknown
	Maximum pool size: undefined/unknown
2025-10-21T01:09:43.907+05:30  INFO 4997 --- [main] o.h.e.t.j.p.i.JtaPlatformInitiator       : HHH000489: No JTA platform available (set 'hibernate.transaction.jta.platform' to enable JTA platform integration)
2025-10-21T01:09:43.978+05:30  INFO 4997 --- [main] j.LocalContainerEntityManagerFactoryBean : Initialized JPA EntityManagerFactory for persistence unit 'default'
2025-10-21T01:09:44.056+05:30  INFO 4997 --- [main] o.s.d.j.r.query.QueryEnhancerFactory     : Hibernate is in classpath; If applicable, HQL parser will be used.
2025-10-21T01:09:44.942+05:30  WARN 4997 --- [main] JpaBaseConfiguration$JpaWebConfiguration : spring.jpa.open-in-view is enabled by default. Therefore, database queries may be performed during view rendering. Explicitly configure spring.jpa.open-in-view to disable this warning
2025-10-21T01:09:44.947+05:30  WARN 4997 --- [main] r$InitializeUserDetailsManagerConfigurer : Global AuthenticationManager configured with an AuthenticationProvider bean. UserDetailsService beans will not be used by Spring Security for automatically configuring username/password login. Consider removing the AuthenticationProvider bean. Alternatively, consider using the UserDetailsService in a manually instantiated DaoAuthenticationProvider. If the current configuration is intentional, to turn off this warning, increase the logging level of 'org.springframework.security.config.annotation.authentication.configuration.InitializeUserDetailsBeanManagerConfigurer' to ERROR
2025-10-21T01:09:45.122+05:30  INFO 4997 --- [main] o.s.b.w.embedded.tomcat.TomcatWebServer  : Tomcat started on port 8080 (http) with context path '/'
2025-10-21T01:09:45.126+05:30  INFO 4997 --- [main] c.e.ecommerce.EcommerceApplication       : Started EcommerceApplication in 2.352 seconds (process running for 2.451)
2025-10-21T01:10:23.071+05:30  INFO 4997 --- [http-nio-8080-exec-1] o.a.c.c.C.[Tomcat].[localhost].[/]       : Initializing Spring DispatcherServlet 'dispatcherServlet'
2025-10-21T01:10:23.071+05:30  INFO 4997 --- [http-nio-8080-exec-1] o.s.web.servlet.DispatcherServlet        : Initializing Servlet 'dispatcherServlet'
2025-10-21T01:10:23.072+05:30  INFO 4997 --- [http-nio-8080-exec-1] o.s.web.servlet.DispatcherServlet        : Completed initialization in 1 ms
2025-10-21T01:11:04.692+05:30  INFO 4997 --- [SpringApplicationShutdownHook] o.s.b.w.e.tomcat.GracefulShutdown        : Commencing graceful shutdown. Waiting for active requests to complete
2025-10-21T01:11:04.695+05:30  INFO 4997 --- [tomcat-shutdown] o.s.b.w.e.tomcat.GracefulShutdown        : Graceful shutdown complete
2025-10-21T01:11:04.702+05:30  INFO 4997 --- [SpringApplicationShutdownHook] j.LocalContainerEntityManagerFactoryBean : Closing JPA EntityManagerFactory for persistence unit 'default'
2025-10-21T01:11:04.705+05:30  INFO 4997 --- [SpringApplicationShutdownHook] com.zaxxer.hikari.HikariDataSource       : HikariPool-1 - Shutdown initiated...
2025-10-21T01:11:04.710+05:30  INFO 4997 --- [SpringApplicationShutdownHook] com.zaxxer.hikari.HikariDataSource       : HikariPool-1 - Shutdown completed.
2025-10-21T01:12:20.209+05:30  INFO 5072 --- [main] c.e.ecommerce.EcommerceApplication       : Starting EcommerceApplication using Java 17.0.16 with PID 5072 (/Users/juheesaxena/ShopEase-Ecommerce/target/classes started by juheesaxena in /Users/juheesaxena/ShopEase-Ecommerce)
2025-10-21T01:12:20.210+05:30 DEBUG 5072 --- [main] c.e.ecommerce.EcommerceApplication       : Running with Spring Boot v3.4.4, Spring v6.2.5
2025-10-21T01:12:20.210+05:30  INFO 5072 --- [main] c.e.ecommerce.EcommerceApplication       : No active profile set, falling back to 1 default profile: "default"
2025-10-21T01:12:20.422+05:30  INFO 5072 --- [main] .s.d.r.c.RepositoryConfigurationDelegate : Bootstrapping Spring Data JPA repositories in DEFAULT mode.
2025-10-21T01:12:20.456+05:30  INFO 5072 --- [main] .s.d.r.c.RepositoryConfigurationDelegate : Finished Spring Data repository scanning in 29 ms. Found 13 JPA repository interfaces.
2025-10-21T01:12:20.625+05:30  INFO 5072 --- [main] o.s.b.w.embedded.tomcat.TomcatWebServer  : Tomcat initialized with port 8080 (http)
2025-10-21T01:12:20.629+05:30  INFO 5072 --- [main] o.apache.catalina.core.StandardService   : Starting service [Tomcat]
2025-10-21T01:12:20.629+05:30  INFO 5072 --- [main] o.apache.catalina.core.StandardEngine    : Starting Servlet engine: [Apache Tomcat/10.1.39]
2025-10-21T01:12:20.645+05:30  INFO 5072 --- [main] o.a.c.c.C.[Tomcat].[localhost].[/]       : Initializing Spring embedded WebApplicationContext
2025-10-21T01:12:20.645+05:30  INFO 5072 --- [main] w.s.c.ServletWebServerApplicationContext : Root WebApplicationContext: initialization completed in 423 ms
2025-10-21T01:12:20.696+05:30  INFO 5072 --- [main] o.hibernate.jpa.internal.util.LogHelper  : HHH000204: Processing PersistenceUnitInfo [name: default]
2025-10-21T01:12:20.718+05:30  INFO 5072 --- [main] org.hibernate.Version                    : HHH000412: Hibernate ORM core version 6.6.11.Final
2025-10-21T01:12:20.727+05:30  INFO 5072 --- [main] o.h.c.internal.RegionFactoryInitiator    : HHH000026: Second-level cache disabled
2025-10-21T01:12:20.800+05:30  INFO 5072 --- [main] o.s.o.j.p.SpringPersistenceUnitInfo      : No LoadTimeWeaver setup: ignoring JPA class transformer
2025-10-21T01:12:20.808+05:30  INFO 5072 --- [main] com.zaxxer.hikari.HikariDataSource       : HikariPool-1 - Starting...
2025-10-21T01:12:20.866+05:30  INFO 5072 --- [main] com.zaxxer.hikari.pool.HikariPool        : HikariPool-1 - Added connection com.mysql.cj.jdbc.ConnectionImpl@210a26b
2025-10-21T01:12:20.866+05:30  INFO 5072 --- [main] com.zaxxer.hikari.HikariDataSource       : HikariPool-1 - Start completed.
2025-10-21T01:12:20.882+05:30  WARN 5072 --- [main] org.hibernate.orm.deprecation            : HHH90000025: MySQL8Dialect does not need to be specified explicitly using 'hibernate.dialect' (remove the property setting and it will be selected by default)
2025-10-21T01:12:20.882+05:30  WARN 5072 --- [main] org.hibernate.orm.deprecation            : HHH90000026: MySQL8Dialect has been deprecated; use org.hibernate.dialect.MySQLDialect instead
2025-10-21T01:12:20.888+05:30  INFO 5072 --- [main] org.hibernate.orm.connections.pooling    : HHH10001005: Database info:
	Database JDBC URL [Connecting through datasource 'HikariDataSource (HikariPool-1)']
	Database driver: undefined/unknown
	Database version: 8.0
	Autocommit mode: undefined/unknown
	Isolation level: undefined/unknown
	Minimum pool size: undefined/unknown
	Maximum pool size: undefined/unknown
2025-10-21T01:12:21.225+05:30  INFO 5072 --- [main] o.h.e.t.j.p.i.JtaPlatformInitiator       : HHH000489: No JTA platform available (set 'hibernate.transaction.jta.platform' to enable JTA platform integration)
2025-10-21T01:12:21.287+05:30  INFO 5072 --- [main] j.LocalContainerEntityManagerFactoryBean : Initialized JPA EntityManagerFactory for persistence unit 'default'
2025-10-21T01:12:21.364+05:30  INFO 5072 --- [main] o.s.d.j.r.query.QueryEnhancerFactory     : Hibernate is in classpath; If applicable, HQL parser will be used.
2025-10-21T01:12:22.242+05:30  WARN 5072 --- [main] JpaBaseConfiguration$JpaWebConfiguration : spring.jpa.open-in-view is enabled by default. Therefore, database queries may be performed during view rendering. Explicitly configure spring.jpa.open-in-view to disable this warning
2025-10-21T01:12:22.247+05:30  WARN 5072 --- [main] r$InitializeUserDetailsManagerConfigurer : Global AuthenticationManager configured with an AuthenticationProvider bean. UserDetailsService beans will not be used by Spring Security for automatically configuring username/password login. Consider removing the AuthenticationProvider bean. Alternatively, consider using the UserDetailsService in a manually instantiated DaoAuthenticationProvider. If the current configuration is intentional, to turn off this warning, increase the logging level of 'org.springframework.security.config.annotation.authentication.configuration.InitializeUserDetailsBeanManagerConfigurer' to ERROR
2025-10-21T01:12:22.427+05:30  INFO 5072 --- [main] o.s.b.w.embedded.tomcat.TomcatWebServer  : Tomcat started on port 8080 (http) with context path '/'
2025-10-21T01:12:22.431+05:30  INFO 5072 --- [main] c.e.ecommerce.EcommerceApplication       : Started EcommerceApplication in 2.354 seconds (process running for 2.458)
2025-10-21T01:12:26.717+05:30  INFO 5072 --- [http-nio-8080-exec-1] o.a.c.c.C.[Tomcat].[localhost].[/]       : Initializing Spring DispatcherServlet 'dispatcherServlet'
2025-10-21T01:12:26.718+05:30  INFO 5072 --- [http-nio-8080-exec-1] o.s.web.servlet.DispatcherServlet        : Initializing Servlet 'dispatcherServlet'
2025-10-21T01:12:26.719+05:30  INFO 5072 --- [http-nio-8080-exec-1] o.s.web.servlet.DispatcherServlet        : Completed initialization in 1 ms
2025-10-21T01:19:43.477+05:30  INFO 5072 --- [SpringApplicationShutdownHook] o.s.b.w.e.tomcat.GracefulShutdown        : Commencing graceful shutdown. Waiting for active requests to complete
2025-10-21T01:19:43.482+05:30  INFO 5072 --- [tomcat-shutdown] o.s.b.w.e.tomcat.GracefulShutdown        : Graceful shutdown complete
2025-10-21T01:19:43.490+05:30  INFO 5072 --- [SpringApplicationShutdownHook] j.LocalContainerEntityManagerFactoryBean : Closing JPA EntityManagerFactory for persistence unit 'default'
2025-10-21T01:19:43.495+05:30  INFO 5072 --- [SpringApplicationShutdownHook] com.zaxxer.hikari.HikariDataSource       : HikariPool-1 - Shutdown initiated...
2025-10-21T01:19:43.500+05:30  INFO 5072 --- [SpringApplicationShutdownHook] com.zaxxer.hikari.HikariDataSource       : HikariPool-1 - Shutdown completed.
2025-10-21T01:19:48.771+05:30  INFO 5219 --- [main] c.e.ecommerce.EcommerceApplication       : Starting EcommerceApplication using Java 17.0.16 with PID 5219 (/Users/juheesaxena/ShopEase-Ecommerce/target/classes started by juheesaxena in /Users/juheesaxena/ShopEase-Ecommerce)
2025-10-21T01:19:48.771+05:30 DEBUG 5219 --- [main] c.e.ecommerce.EcommerceApplication       : Running with Spring Boot v3.4.4, Spring v6.2.5
2025-10-21T01:19:48.774+05:30  INFO 5219 --- [main] c.e.ecommerce.EcommerceApplication       : No active profile set, falling back to 1 default profile: "default"
2025-10-21T01:19:49.012+05:30  INFO 5219 --- [main] .s.d.r.c.RepositoryConfigurationDelegate : Bootstrapping Spring Data JPA repositories in DEFAULT mode.
2025-10-21T01:19:49.044+05:30  INFO 5219 --- [main] .s.d.r.c.RepositoryConfigurationDelegate : Finished Spring Data repository scanning in 28 ms. Found 13 JPA repository interfaces.
2025-10-21T01:19:49.222+05:30  INFO 5219 --- [main] o.s.b.w.embedded.tomcat.TomcatWebServer  : Tomcat initialized with port 8080 (http)
2025-10-21T01:19:49.227+05:30  INFO 5219 --- [main] o.apache.catalina.core.StandardService   : Starting service [Tomcat]
2025-10-21T01:19:49.227+05:30  INFO 5219 --- [main] o.apache.catalina.core.StandardEngine    : Starting Servlet engine: [Apache Tomcat/10.1.39]
2025-10-21T01:19:49.244+05:30  INFO 5219 --- [main] o.a.c.c.C.[Tomcat].[localhost].[/]       : Initializing Spring embedded WebApplicationContext
2025-10-21T01:19:49.244+05:30  INFO 5219 --- [main] w.s.c.ServletWebServerApplicationContext : Root WebApplicationContext: initialization completed in 452 ms
2025-10-21T01:19:49.299+05:30  INFO 5219 --- [main] o.hibernate.jpa.internal.util.LogHelper  : HHH000204: Processing PersistenceUnitInfo [name: default]
2025-10-21T01:19:49.323+05:30  INFO 5219 --- [main] org.hibernate.Version                    : HHH000412: Hibernate ORM core version 6.6.11.Final
2025-10-21T01:19:49.333+05:30  INFO 5219 --- [main] o.h.c.internal.RegionFactoryInitiator    : HHH000026: Second-level cache disabled
2025-10-21T01:19:49.413+05:30  INFO 5219 --- [main] o.s.o.j.p.SpringPersistenceUnitInfo      : No LoadTimeWeaver setup: ignoring JPA class transformer
2025-10-21T01:19:49.422+05:30  INFO 5219 --- [main] com.zaxxer.hikari.HikariDataSource       : HikariPool-1 - Starting...
2025-10-21T01:19:49.485+05:30  INFO 5219 --- [main] com.zaxxer.hikari.pool.HikariPool        : HikariPool-1 - Added connection com.mysql.cj.jdbc.ConnectionImpl@75dd0f94
2025-10-21T01:19:49.485+05:30  INFO 5219 --- [main] com.zaxxer.hikari.HikariDataSource       : HikariPool-1 - Start completed.
2025-10-21T01:19:49.503+05:30  WARN 5219 --- [main] org.hibernate.orm.deprecation            : HHH90000025: MySQL8Dialect does not need to be specified explicitly using 'hibernate.dialect' (remove the property setting and it will be selected by default)
2025-10-21T01:19:49.503+05:30  WARN 5219 --- [main] org.hibernate.orm.deprecation            : HHH90000026: MySQL8Dialect has been deprecated; use org.hibernate.dialect.MySQLDialect instead
2025-10-21T01:19:49.509+05:30  INFO 5219 --- [main] org.hibernate.orm.connections.pooling    : HHH10001005: Database info:
	Database JDBC URL [Connecting through datasource 'HikariDataSource (HikariPool-1)']
	Database driver: undefined/unknown
	Database version: 8.0
	Autocommit mode: undefined/unknown
	Isolation level: undefined/unknown
	Minimum pool size: undefined/unknown
	Maximum pool size: undefined/unknown
2025-10-21T01:19:49.905+05:30  INFO 5219 --- [main] o.h.e.t.j.p.i.JtaPlatformInitiator       : HHH000489: No JTA platform available (set 'hibernate.transaction.jta.platform' to enable JTA platform integration)
2025-10-21T01:19:49.978+05:30  INFO 5219 --- [main] j.LocalContainerEntityManagerFactoryBean : Initialized JPA EntityManagerFactory for persistence unit 'default'
2025-10-21T01:19:50.064+05:30  INFO 5219 --- [main] o.s.d.j.r.query.QueryEnhancerFactory     : Hibernate is in classpath; If applicable, HQL parser will be used.
2025-10-21T01:19:51.008+05:30  WARN 5219 --- [main] JpaBaseConfiguration$JpaWebConfiguration : spring.jpa.open-in-view is enabled by default. Therefore, database queries may be performed during view rendering. Explicitly configure spring.jpa.open-in-view to disable this warning
2025-10-21T01:19:51.032+05:30  WARN 5219 --- [main] r$InitializeUserDetailsManagerConfigurer : Global AuthenticationManager configured with an AuthenticationProvider bean. UserDetailsService beans will not be used by Spring Security for automatically configuring username/password login. Consider removing the AuthenticationProvider bean. Alternatively, consider using the UserDetailsService in a manually instantiated DaoAuthenticationProvider. If the current configuration is intentional, to turn off this warning, increase the logging level of 'org.springframework.security.config.annotation.authentication.configuration.InitializeUserDetailsBeanManagerConfigurer' to ERROR
2025-10-21T01:19:51.244+05:30  INFO 5219 --- [main] o.s.b.w.embedded.tomcat.TomcatWebServer  : Tomcat started on port 8080 (http) with context path '/'
2025-10-21T01:19:51.248+05:30  INFO 5219 --- [main] c.e.ecommerce.EcommerceApplication       : Started EcommerceApplication in 2.618 seconds (process running for 2.73)
2025-10-21T01:20:07.860+05:30  INFO 5219 --- [http-nio-8080-exec-1] o.a.c.c.C.[Tomcat].[localhost].[/]       : Initializing Spring DispatcherServlet 'dispatcherServlet'
2025-10-21T01:20:07.860+05:30  INFO 5219 --- [http-nio-8080-exec-1] o.s.web.servlet.DispatcherServlet        : Initializing Servlet 'dispatcherServlet'
2025-10-21T01:20:07.861+05:30  INFO 5219 --- [http-nio-8080-exec-1] o.s.web.servlet.DispatcherServlet        : Completed initialization in 1 ms
2025-10-21T01:20:47.293+05:30  INFO 5219 --- [SpringApplicationShutdownHook] o.s.b.w.e.tomcat.GracefulShutdown        : Commencing graceful shutdown. Waiting for active requests to complete
2025-10-21T01:20:47.297+05:30  INFO 5219 --- [tomcat-shutdown] o.s.b.w.e.tomcat.GracefulShutdown        : Graceful shutdown complete
2025-10-21T01:20:47.303+05:30  INFO 5219 --- [SpringApplicationShutdownHook] j.LocalContainerEntityManagerFactoryBean : Closing JPA EntityManagerFactory for persistence unit 'default'
2025-10-21T01:20:47.316+05:30  INFO 5219 --- [SpringApplicationShutdownHook] com.zaxxer.hikari.HikariDataSource       : HikariPool-1 - Shutdown initiated...
2025-10-21T01:20:47.330+05:30  INFO 5219 --- [SpringApplicationShutdownHook] com.zaxxer.hikari.HikariDataSource       : HikariPool-1 - Shutdown completed.
2025-10-21T01:22:02.419+05:30  INFO 5315 --- [main] c.e.ecommerce.EcommerceApplication       : Starting EcommerceApplication using Java 17.0.16 with PID 5315 (/Users/juheesaxena/ShopEase-Ecommerce/target/classes started by juheesaxena in /Users/juheesaxena/ShopEase-Ecommerce)
2025-10-21T01:22:02.420+05:30 DEBUG 5315 --- [main] c.e.ecommerce.EcommerceApplication       : Running with Spring Boot v3.4.4, Spring v6.2.5
2025-10-21T01:22:02.420+05:30  INFO 5315 --- [main] c.e.ecommerce.EcommerceApplication       : No active profile set, falling back to 1 default profile: "default"
2025-10-21T01:22:02.627+05:30  INFO 5315 --- [main] .s.d.r.c.RepositoryConfigurationDelegate : Bootstrapping Spring Data JPA repositories in DEFAULT mode.
2025-10-21T01:22:02.658+05:30  INFO 5315 --- [main] .s.d.r.c.RepositoryConfigurationDelegate : Finished Spring Data repository scanning in 28 ms. Found 13 JPA repository interfaces.
2025-10-21T01:22:02.829+05:30  INFO 5315 --- [main] o.s.b.w.embedded.tomcat.TomcatWebServer  : Tomcat initialized with port 8080 (http)
2025-10-21T01:22:02.833+05:30  INFO 5315 --- [main] o.apache.catalina.core.StandardService   : Starting service [Tomcat]
2025-10-21T01:22:02.833+05:30  INFO 5315 --- [main] o.apache.catalina.core.StandardEngine    : Starting Servlet engine: [Apache Tomcat/10.1.39]
2025-10-21T01:22:02.849+05:30  INFO 5315 --- [main] o.a.c.c.C.[Tomcat].[localhost].[/]       : Initializing Spring embedded WebApplicationContext
2025-10-21T01:22:02.849+05:30  INFO 5315 --- [main] w.s.c.ServletWebServerApplicationContext : Root WebApplicationContext: initialization completed in 417 ms
2025-10-21T01:22:02.900+05:30  INFO 5315 --- [main] o.hibernate.jpa.internal.util.LogHelper  : HHH000204: Processing PersistenceUnitInfo [name: default]
2025-10-21T01:22:02.923+05:30  INFO 5315 --- [main] org.hibernate.Version                    : HHH000412: Hibernate ORM core version 6.6.11.Final
2025-10-21T01:22:02.932+05:30  INFO 5315 --- [main] o.h.c.internal.RegionFactoryInitiator    : HHH000026: Second-level cache disabled
2025-10-21T01:22:03.007+05:30  INFO 5315 --- [main] o.s.o.j.p.SpringPersistenceUnitInfo      : No LoadTimeWeaver setup: ignoring JPA class transformer
2025-10-21T01:22:03.016+05:30  INFO 5315 --- [main] com.zaxxer.hikari.HikariDataSource       : HikariPool-1 - Starting...
2025-10-21T01:22:03.074+05:30  INFO 5315 --- [main] com.zaxxer.hikari.pool.HikariPool        : HikariPool-1 - Added connection com.mysql.cj.jdbc.ConnectionImpl@60816371
2025-10-21T01:22:03.074+05:30  INFO 5315 --- [main] com.zaxxer.hikari.HikariDataSource       : HikariPool-1 - Start completed.
2025-10-21T01:22:03.091+05:30  WARN 5315 --- [main] org.hibernate.orm.deprecation            : HHH90000025: MySQL8Dialect does not need to be specified explicitly using 'hibernate.dialect' (remove the property setting and it will be selected by default)
2025-10-21T01:22:03.091+05:30  WARN 5315 --- [main] org.hibernate.orm.deprecation            : HHH90000026: MySQL8Dialect has been deprecated; use org.hibernate.dialect.MySQLDialect instead
2025-10-21T01:22:03.098+05:30  INFO 5315 --- [main] org.hibernate.orm.connections.pooling    : HHH10001005: Database info:
	Database JDBC URL [Connecting through datasource 'HikariDataSource (HikariPool-1)']
	Database driver: undefined/unknown
	Database version: 8.0
	Autocommit mode: undefined/unknown
	Isolation level: undefined/unknown
	Minimum pool size: undefined/unknown
	Maximum pool size: undefined/unknown
2025-10-21T01:22:03.442+05:30  INFO 5315 --- [main] o.h.e.t.j.p.i.JtaPlatformInitiator       : HHH000489: No JTA platform available (set 'hibernate.transaction.jta.platform' to enable JTA platform integration)
2025-10-21T01:22:03.506+05:30  INFO 5315 --- [main] j.LocalContainerEntityManagerFactoryBean : Initialized JPA EntityManagerFactory for persistence unit 'default'
2025-10-21T01:22:03.587+05:30  INFO 5315 --- [main] o.s.d.j.r.query.QueryEnhancerFactory     : Hibernate is in classpath; If applicable, HQL parser will be used.
2025-10-21T01:22:04.491+05:30  WARN 5315 --- [main] JpaBaseConfiguration$JpaWebConfiguration : spring.jpa.open-in-view is enabled by default. Therefore, database queries may be performed during view rendering. Explicitly configure spring.jpa.open-in-view to disable this warning
2025-10-21T01:22:04.497+05:30  WARN 5315 --- [main] r$InitializeUserDetailsManagerConfigurer : Global AuthenticationManager configured with an AuthenticationProvider bean. UserDetailsService beans will not be used by Spring Security for automatically configuring username/password login. Consider removing the AuthenticationProvider bean. Alternatively, consider using the UserDetailsService in a manually instantiated DaoAuthenticationProvider. If the current configuration is intentional, to turn off this warning, increase the logging level of 'org.springframework.security.config.annotation.authentication.configuration.InitializeUserDetailsBeanManagerConfigurer' to ERROR
2025-10-21T01:22:04.676+05:30  INFO 5315 --- [main] o.s.b.w.embedded.tomcat.TomcatWebServer  : Tomcat started on port 8080 (http) with context path '/'
2025-10-21T01:22:04.681+05:30  INFO 5315 --- [main] c.e.ecommerce.EcommerceApplication       : Started EcommerceApplication in 2.394 seconds (process running for 2.488)
2025-10-21T01:22:08.403+05:30  INFO 5315 --- [http-nio-8080-exec-1] o.a.c.c.C.[Tomcat].[localhost].[/]       : Initializing Spring DispatcherServlet 'dispatcherServlet'
2025-10-21T01:22:08.403+05:30  INFO 5315 --- [http-nio-8080-exec-1] o.s.web.servlet.DispatcherServlet        : Initializing Servlet 'dispatcherServlet'
2025-10-21T01:22:08.404+05:30  INFO 5315 --- [http-nio-8080-exec-1] o.s.web.servlet.DispatcherServlet        : Completed initialization in 1 ms
2025-10-21T01:26:11.834+05:30  INFO 5315 --- [SpringApplicationShutdownHook] o.s.b.w.e.tomcat.GracefulShutdown        : Commencing graceful shutdown. Waiting for active requests to complete
2025-10-21T01:26:11.838+05:30  INFO 5315 --- [tomcat-shutdown] o.s.b.w.e.tomcat.GracefulShutdown        : Graceful shutdown complete
2025-10-21T01:26:11.844+05:30  INFO 5315 --- [SpringApplicationShutdownHook] j.LocalContainerEntityManagerFactoryBean : Closing JPA EntityManagerFactory for persistence unit 'default'
2025-10-21T01:26:11.848+05:30  INFO 5315 --- [SpringApplicationShutdownHook] com.zaxxer.hikari.HikariDataSource       : HikariPool-1 - Shutdown initiated...
2025-10-21T01:26:11.853+05:30  INFO 5315 --- [SpringApplicationShutdownHook] com.zaxxer.hikari.HikariDataSource       : HikariPool-1 - Shutdown completed.
2025-10-21T01:26:16.311+05:30  INFO 5405 --- [main] c.e.ecommerce.EcommerceApplication       : Starting EcommerceApplication using Java 17.0.16 with PID 5405 (/Users/juheesaxena/ShopEase-Ecommerce/target/classes started by juheesaxena in /Users/juheesaxena/ShopEase-Ecommerce)
2025-10-21T01:26:16.311+05:30 DEBUG 5405 --- [main] c.e.ecommerce.EcommerceApplication       : Running with Spring Boot v3.4.4, Spring v6.2.5
2025-10-21T01:26:16.312+05:30  INFO 5405 --- [main] c.e.ecommerce.EcommerceApplication       : No active profile set, falling back to 1 default profile: "default"
2025-10-21T01:26:16.525+05:30  INFO 5405 --- [main] .s.d.r.c.RepositoryConfigurationDelegate : Bootstrapping Spring Data JPA repositories in DEFAULT mode.
2025-10-21T01:26:16.556+05:30  INFO 5405 --- [main] .s.d.r.c.RepositoryConfigurationDelegate : Finished Spring Data repository scanning in 27 ms. Found 13 JPA repository interfaces.
2025-10-21T01:26:16.727+05:30  INFO 5405 --- [main] o.s.b.w.embedded.tomcat.TomcatWebServer  : Tomcat initialized with port 8080 (http)
2025-10-21T01:26:16.732+05:30  INFO 5405 --- [main] o.apache.catalina.core.StandardService   : Starting service [Tomcat]
2025-10-21T01:26:16.732+05:30  INFO 5405 --- [main] o.apache.catalina.core.StandardEngine    : Starting Servlet engine: [Apache Tomcat/10.1.39]
2025-10-21T01:26:16.748+05:30  INFO 5405 --- [main] o.a.c.c.C.[Tomcat].[localhost].[/]       : Initializing Spring embedded WebApplicationContext
2025-10-21T01:26:16.748+05:30  INFO 5405 --- [main] w.s.c.ServletWebServerApplicationContext : Root WebApplicationContext: initialization completed in 424 ms
2025-10-21T01:26:16.801+05:30  INFO 5405 --- [main] o.hibernate.jpa.internal.util.LogHelper  : HHH000204: Processing PersistenceUnitInfo [name: default]
2025-10-21T01:26:16.825+05:30  INFO 5405 --- [main] org.hibernate.Version                    : HHH000412: Hibernate ORM core version 6.6.11.Final
2025-10-21T01:26:16.834+05:30  INFO 5405 --- [main] o.h.c.internal.RegionFactoryInitiator    : HHH000026: Second-level cache disabled
2025-10-21T01:26:16.908+05:30  INFO 5405 --- [main] o.s.o.j.p.SpringPersistenceUnitInfo      : No LoadTimeWeaver setup: ignoring JPA class transformer
2025-10-21T01:26:16.916+05:30  INFO 5405 --- [main] com.zaxxer.hikari.HikariDataSource       : HikariPool-1 - Starting...
2025-10-21T01:26:16.976+05:30  INFO 5405 --- [main] com.zaxxer.hikari.pool.HikariPool        : HikariPool-1 - Added connection com.mysql.cj.jdbc.ConnectionImpl@15186ce0
2025-10-21T01:26:16.976+05:30  INFO 5405 --- [main] com.zaxxer.hikari.HikariDataSource       : HikariPool-1 - Start completed.
2025-10-21T01:26:16.993+05:30  WARN 5405 --- [main] org.hibernate.orm.deprecation            : HHH90000025: MySQL8Dialect does not need to be specified explicitly using 'hibernate.dialect' (remove the property setting and it will be selected by default)
2025-10-21T01:26:16.993+05:30  WARN 5405 --- [main] org.hibernate.orm.deprecation            : HHH90000026: MySQL8Dialect has been deprecated; use org.hibernate.dialect.MySQLDialect instead
2025-10-21T01:26:16.999+05:30  INFO 5405 --- [main] org.hibernate.orm.connections.pooling    : HHH10001005: Database info:
	Database JDBC URL [Connecting through datasource 'HikariDataSource (HikariPool-1)']
	Database driver: undefined/unknown
	Database version: 8.0
	Autocommit mode: undefined/unknown
	Isolation level: undefined/unknown
	Minimum pool size: undefined/unknown
	Maximum pool size: undefined/unknown
2025-10-21T01:26:17.333+05:30  INFO 5405 --- [main] o.h.e.t.j.p.i.JtaPlatformInitiator       : HHH000489: No JTA platform available (set 'hibernate.transaction.jta.platform' to enable JTA platform integration)
2025-10-21T01:26:17.395+05:30  INFO 5405 --- [main] j.LocalContainerEntityManagerFactoryBean : Initialized JPA EntityManagerFactory for persistence unit 'default'
2025-10-21T01:26:17.477+05:30  INFO 5405 --- [main] o.s.d.j.r.query.QueryEnhancerFactory     : Hibernate is in classpath; If applicable, HQL parser will be used.
2025-10-21T01:26:18.376+05:30  WARN 5405 --- [main] JpaBaseConfiguration$JpaWebConfiguration : spring.jpa.open-in-view is enabled by default. Therefore, database queries may be performed during view rendering. Explicitly configure spring.jpa.open-in-view to disable this warning
2025-10-21T01:26:18.381+05:30  WARN 5405 --- [main] r$InitializeUserDetailsManagerConfigurer : Global AuthenticationManager configured with an AuthenticationProvider bean. UserDetailsService beans will not be used by Spring Security for automatically configuring username/password login. Consider removing the AuthenticationProvider bean. Alternatively, consider using the UserDetailsService in a manually instantiated DaoAuthenticationProvider. If the current configuration is intentional, to turn off this warning, increase the logging level of 'org.springframework.security.config.annotation.authentication.configuration.InitializeUserDetailsBeanManagerConfigurer' to ERROR
2025-10-21T01:26:18.566+05:30  INFO 5405 --- [main] o.s.b.w.embedded.tomcat.TomcatWebServer  : Tomcat started on port 8080 (http) with context path '/'
2025-10-21T01:26:18.570+05:30  INFO 5405 --- [main] c.e.ecommerce.EcommerceApplication       : Started EcommerceApplication in 2.392 seconds (process running for 2.491)
2025-10-21T01:26:22.646+05:30  INFO 5405 --- [http-nio-8080-exec-1] o.a.c.c.C.[Tomcat].[localhost].[/]       : Initializing Spring DispatcherServlet 'dispatcherServlet'
2025-10-21T01:26:22.646+05:30  INFO 5405 --- [http-nio-8080-exec-1] o.s.web.servlet.DispatcherServlet        : Initializing Servlet 'dispatcherServlet'
2025-10-21T01:26:22.647+05:30  INFO 5405 --- [http-nio-8080-exec-1] o.s.web.servlet.DispatcherServlet        : Completed initialization in 1 ms
2025-10-21T01:28:27.270+05:30  INFO 5405 --- [SpringApplicationShutdownHook] o.s.b.w.e.tomcat.GracefulShutdown        : Commencing graceful shutdown. Waiting for active requests to complete
2025-10-21T01:28:27.274+05:30  INFO 5405 --- [tomcat-shutdown] o.s.b.w.e.tomcat.GracefulShutdown        : Graceful shutdown complete
2025-10-21T01:28:27.279+05:30  INFO 5405 --- [SpringApplicationShutdownHook] j.LocalContainerEntityManagerFactoryBean : Closing JPA EntityManagerFactory for persistence unit 'default'
2025-10-21T01:28:27.283+05:30  INFO 5405 --- [SpringApplicationShutdownHook] com.zaxxer.hikari.HikariDataSource       : HikariPool-1 - Shutdown initiated...
2025-10-21T01:28:27.289+05:30  INFO 5405 --- [SpringApplicationShutdownHook] com.zaxxer.hikari.HikariDataSource       : HikariPool-1 - Shutdown completed.
2025-10-21T01:28:32.161+05:30  INFO 5471 --- [main] c.e.ecommerce.EcommerceApplication       : Starting EcommerceApplication using Java 17.0.16 with PID 5471 (/Users/juheesaxena/ShopEase-Ecommerce/target/classes started by juheesaxena in /Users/juheesaxena/ShopEase-Ecommerce)
2025-10-21T01:28:32.162+05:30 DEBUG 5471 --- [main] c.e.ecommerce.EcommerceApplication       : Running with Spring Boot v3.4.4, Spring v6.2.5
2025-10-21T01:28:32.162+05:30  INFO 5471 --- [main] c.e.ecommerce.EcommerceApplication       : No active profile set, falling back to 1 default profile: "default"
2025-10-21T01:28:32.370+05:30  INFO 5471 --- [main] .s.d.r.c.RepositoryConfigurationDelegate : Bootstrapping Spring Data JPA repositories in DEFAULT mode.
2025-10-21T01:28:32.403+05:30  INFO 5471 --- [main] .s.d.r.c.RepositoryConfigurationDelegate : Finished Spring Data repository scanning in 29 ms. Found 13 JPA repository interfaces.
2025-10-21T01:28:32.578+05:30  INFO 5471 --- [main] o.s.b.w.embedded.tomcat.TomcatWebServer  : Tomcat initialized with port 8080 (http)
2025-10-21T01:28:32.582+05:30  INFO 5471 --- [main] o.apache.catalina.core.StandardService   : Starting service [Tomcat]
2025-10-21T01:28:32.582+05:30  INFO 5471 --- [main] o.apache.catalina.core.StandardEngine    : Starting Servlet engine: [Apache Tomcat/10.1.39]
2025-10-21T01:28:32.598+05:30  INFO 5471 --- [main] o.a.c.c.C.[Tomcat].[localhost].[/]       : Initializing Spring embedded WebApplicationContext
2025-10-21T01:28:32.598+05:30  INFO 5471 --- [main] w.s.c.ServletWebServerApplicationContext : Root WebApplicationContext: initialization completed in 424 ms
2025-10-21T01:28:32.652+05:30  INFO 5471 --- [main] o.hibernate.jpa.internal.util.LogHelper  : HHH000204: Processing PersistenceUnitInfo [name: default]
2025-10-21T01:28:32.671+05:30  INFO 5471 --- [main] org.hibernate.Version                    : HHH000412: Hibernate ORM core version 6.6.11.Final
2025-10-21T01:28:32.680+05:30  INFO 5471 --- [main] o.h.c.internal.RegionFactoryInitiator    : HHH000026: Second-level cache disabled
2025-10-21T01:28:32.755+05:30  INFO 5471 --- [main] o.s.o.j.p.SpringPersistenceUnitInfo      : No LoadTimeWeaver setup: ignoring JPA class transformer
2025-10-21T01:28:32.764+05:30  INFO 5471 --- [main] com.zaxxer.hikari.HikariDataSource       : HikariPool-1 - Starting...
2025-10-21T01:28:32.830+05:30  INFO 5471 --- [main] com.zaxxer.hikari.pool.HikariPool        : HikariPool-1 - Added connection com.mysql.cj.jdbc.ConnectionImpl@210a26b
2025-10-21T01:28:32.831+05:30  INFO 5471 --- [main] com.zaxxer.hikari.HikariDataSource       : HikariPool-1 - Start completed.
2025-10-21T01:28:32.847+05:30  WARN 5471 --- [main] org.hibernate.orm.deprecation            : HHH90000025: MySQL8Dialect does not need to be specified explicitly using 'hibernate.dialect' (remove the property setting and it will be selected by default)
2025-10-21T01:28:32.847+05:30  WARN 5471 --- [main] org.hibernate.orm.deprecation            : HHH90000026: MySQL8Dialect has been deprecated; use org.hibernate.dialect.MySQLDialect instead
2025-10-21T01:28:32.853+05:30  INFO 5471 --- [main] org.hibernate.orm.connections.pooling    : HHH10001005: Database info:
	Database JDBC URL [Connecting through datasource 'HikariDataSource (HikariPool-1)']
	Database driver: undefined/unknown
	Database version: 8.0
	Autocommit mode: undefined/unknown
	Isolation level: undefined/unknown
	Minimum pool size: undefined/unknown
	Maximum pool size: undefined/unknown
2025-10-21T01:28:33.223+05:30  INFO 5471 --- [main] o.h.e.t.j.p.i.JtaPlatformInitiator       : HHH000489: No JTA platform available (set 'hibernate.transaction.jta.platform' to enable JTA platform integration)
2025-10-21T01:28:33.297+05:30  INFO 5471 --- [main] j.LocalContainerEntityManagerFactoryBean : Initialized JPA EntityManagerFactory for persistence unit 'default'
2025-10-21T01:28:33.378+05:30  INFO 5471 --- [main] o.s.d.j.r.query.QueryEnhancerFactory     : Hibernate is in classpath; If applicable, HQL parser will be used.
2025-10-21T01:28:34.296+05:30  WARN 5471 --- [main] JpaBaseConfiguration$JpaWebConfiguration : spring.jpa.open-in-view is enabled by default. Therefore, database queries may be performed during view rendering. Explicitly configure spring.jpa.open-in-view to disable this warning
2025-10-21T01:28:34.302+05:30  WARN 5471 --- [main] r$InitializeUserDetailsManagerConfigurer : Global AuthenticationManager configured with an AuthenticationProvider bean. UserDetailsService beans will not be used by Spring Security for automatically configuring username/password login. Consider removing the AuthenticationProvider bean. Alternatively, consider using the UserDetailsService in a manually instantiated DaoAuthenticationProvider. If the current configuration is intentional, to turn off this warning, increase the logging level of 'org.springframework.security.config.annotation.authentication.configuration.InitializeUserDetailsBeanManagerConfigurer' to ERROR
2025-10-21T01:28:34.494+05:30  INFO 5471 --- [main] o.s.b.w.embedded.tomcat.TomcatWebServer  : Tomcat started on port 8080 (http) with context path '/'
2025-10-21T01:28:34.498+05:30  INFO 5471 --- [main] c.e.ecommerce.EcommerceApplication       : Started EcommerceApplication in 2.472 seconds (process running for 2.571)
2025-10-21T01:28:38.402+05:30  INFO 5471 --- [http-nio-8080-exec-1] o.a.c.c.C.[Tomcat].[localhost].[/]       : Initializing Spring DispatcherServlet 'dispatcherServlet'
2025-10-21T01:28:38.403+05:30  INFO 5471 --- [http-nio-8080-exec-1] o.s.web.servlet.DispatcherServlet        : Initializing Servlet 'dispatcherServlet'
2025-10-21T01:28:38.404+05:30  INFO 5471 --- [http-nio-8080-exec-1] o.s.web.servlet.DispatcherServlet        : Completed initialization in 1 ms
2025-10-21T01:29:17.801+05:30 DEBUG 5471 --- [http-nio-8080-exec-7] e.e.c.CustomAuthenticationFailureHandler : Sending 401 Unauthorized error
2025-10-21T01:30:16.670+05:30  INFO 5471 --- [SpringApplicationShutdownHook] o.s.b.w.e.tomcat.GracefulShutdown        : Commencing graceful shutdown. Waiting for active requests to complete
2025-10-21T01:30:16.673+05:30  INFO 5471 --- [tomcat-shutdown] o.s.b.w.e.tomcat.GracefulShutdown        : Graceful shutdown complete
2025-10-21T01:30:16.679+05:30  INFO 5471 --- [SpringApplicationShutdownHook] j.LocalContainerEntityManagerFactoryBean : Closing JPA EntityManagerFactory for persistence unit 'default'
2025-10-21T01:30:16.682+05:30  INFO 5471 --- [SpringApplicationShutdownHook] com.zaxxer.hikari.HikariDataSource       : HikariPool-1 - Shutdown initiated...
2025-10-21T01:30:16.687+05:30  INFO 5471 --- [SpringApplicationShutdownHook] com.zaxxer.hikari.HikariDataSource       : HikariPool-1 - Shutdown completed.
2025-10-21T01:30:21.272+05:30  INFO 5539 --- [main] c.e.ecommerce.EcommerceApplication       : Starting EcommerceApplication using Java 17.0.16 with PID 5539 (/Users/juheesaxena/ShopEase-Ecommerce/target/classes started by juheesaxena in /Users/juheesaxena/ShopEase-Ecommerce)
2025-10-21T01:30:21.273+05:30 DEBUG 5539 --- [main] c.e.ecommerce.EcommerceApplication       : Running with Spring Boot v3.4.4, Spring v6.2.5
2025-10-21T01:30:21.273+05:30  INFO 5539 --- [main] c.e.ecommerce.EcommerceApplication       : No active profile set, falling back to 1 default profile: "default"
2025-10-21T01:30:21.535+05:30  INFO 5539 --- [main] .s.d.r.c.RepositoryConfigurationDelegate : Bootstrapping Spring Data JPA repositories in DEFAULT mode.
2025-10-21T01:30:21.571+05:30  INFO 5539 --- [main] .s.d.r.c.RepositoryConfigurationDelegate : Finished Spring Data repository scanning in 31 ms. Found 13 JPA repository interfaces.
2025-10-21T01:30:21.779+05:30  INFO 5539 --- [main] o.s.b.w.embedded.tomcat.TomcatWebServer  : Tomcat initialized with port 8080 (http)
2025-10-21T01:30:21.784+05:30  INFO 5539 --- [main] o.apache.catalina.core.StandardService   : Starting service [Tomcat]
2025-10-21T01:30:21.785+05:30  INFO 5539 --- [main] o.apache.catalina.core.StandardEngine    : Starting Servlet engine: [Apache Tomcat/10.1.39]
2025-10-21T01:30:21.805+05:30  INFO 5539 --- [main] o.a.c.c.C.[Tomcat].[localhost].[/]       : Initializing Spring embedded WebApplicationContext
2025-10-21T01:30:21.805+05:30  INFO 5539 --- [main] w.s.c.ServletWebServerApplicationContext : Root WebApplicationContext: initialization completed in 519 ms
2025-10-21T01:30:21.865+05:30  INFO 5539 --- [main] o.hibernate.jpa.internal.util.LogHelper  : HHH000204: Processing PersistenceUnitInfo [name: default]
2025-10-21T01:30:21.892+05:30  INFO 5539 --- [main] org.hibernate.Version                    : HHH000412: Hibernate ORM core version 6.6.11.Final
2025-10-21T01:30:21.902+05:30  INFO 5539 --- [main] o.h.c.internal.RegionFactoryInitiator    : HHH000026: Second-level cache disabled
2025-10-21T01:30:21.981+05:30  INFO 5539 --- [main] o.s.o.j.p.SpringPersistenceUnitInfo      : No LoadTimeWeaver setup: ignoring JPA class transformer
2025-10-21T01:30:21.989+05:30  INFO 5539 --- [main] com.zaxxer.hikari.HikariDataSource       : HikariPool-1 - Starting...
2025-10-21T01:30:22.048+05:30  INFO 5539 --- [main] com.zaxxer.hikari.pool.HikariPool        : HikariPool-1 - Added connection com.mysql.cj.jdbc.ConnectionImpl@64ec1459
2025-10-21T01:30:22.049+05:30  INFO 5539 --- [main] com.zaxxer.hikari.HikariDataSource       : HikariPool-1 - Start completed.
2025-10-21T01:30:22.067+05:30  WARN 5539 --- [main] org.hibernate.orm.deprecation            : HHH90000025: MySQL8Dialect does not need to be specified explicitly using 'hibernate.dialect' (remove the property setting and it will be selected by default)
2025-10-21T01:30:22.068+05:30  WARN 5539 --- [main] org.hibernate.orm.deprecation            : HHH90000026: MySQL8Dialect has been deprecated; use org.hibernate.dialect.MySQLDialect instead
2025-10-21T01:30:22.074+05:30  INFO 5539 --- [main] org.hibernate.orm.connections.pooling    : HHH10001005: Database info:
	Database JDBC URL [Connecting through datasource 'HikariDataSource (HikariPool-1)']
	Database driver: undefined/unknown
	Database version: 8.0
	Autocommit mode: undefined/unknown
	Isolation level: undefined/unknown
	Minimum pool size: undefined/unknown
	Maximum pool size: undefined/unknown
2025-10-21T01:30:22.442+05:30  INFO 5539 --- [main] o.h.e.t.j.p.i.JtaPlatformInitiator       : HHH000489: No JTA platform available (set 'hibernate.transaction.jta.platform' to enable JTA platform integration)
2025-10-21T01:30:22.514+05:30  INFO 5539 --- [main] j.LocalContainerEntityManagerFactoryBean : Initialized JPA EntityManagerFactory for persistence unit 'default'
2025-10-21T01:30:22.605+05:30  INFO 5539 --- [main] o.s.d.j.r.query.QueryEnhancerFactory     : Hibernate is in classpath; If applicable, HQL parser will be used.
2025-10-21T01:30:23.786+05:30  WARN 5539 --- [main] JpaBaseConfiguration$JpaWebConfiguration : spring.jpa.open-in-view is enabled by default. Therefore, database queries may be performed during view rendering. Explicitly configure spring.jpa.open-in-view to disable this warning
2025-10-21T01:30:23.801+05:30  WARN 5539 --- [main] r$InitializeUserDetailsManagerConfigurer : Global AuthenticationManager configured with an AuthenticationProvider bean. UserDetailsService beans will not be used by Spring Security for automatically configuring username/password login. Consider removing the AuthenticationProvider bean. Alternatively, consider using the UserDetailsService in a manually instantiated DaoAuthenticationProvider. If the current configuration is intentional, to turn off this warning, increase the logging level of 'org.springframework.security.config.annotation.authentication.configuration.InitializeUserDetailsBeanManagerConfigurer' to ERROR
2025-10-21T01:30:24.056+05:30  INFO 5539 --- [main] o.s.b.w.embedded.tomcat.TomcatWebServer  : Tomcat started on port 8080 (http) with context path '/'
2025-10-21T01:30:24.061+05:30  INFO 5539 --- [main] c.e.ecommerce.EcommerceApplication       : Started EcommerceApplication in 2.927 seconds (process running for 3.035)
2025-10-21T01:30:24.540+05:30  INFO 5539 --- [http-nio-8080-exec-1] o.a.c.c.C.[Tomcat].[localhost].[/]       : Initializing Spring DispatcherServlet 'dispatcherServlet'
2025-10-21T01:30:24.540+05:30  INFO 5539 --- [http-nio-8080-exec-1] o.s.web.servlet.DispatcherServlet        : Initializing Servlet 'dispatcherServlet'
2025-10-21T01:30:24.541+05:30  INFO 5539 --- [http-nio-8080-exec-1] o.s.web.servlet.DispatcherServlet        : Completed initialization in 1 ms
2025-10-21T01:45:32.962+05:30  INFO 5539 --- [SpringApplicationShutdownHook] o.s.b.w.e.tomcat.GracefulShutdown        : Commencing graceful shutdown. Waiting for active requests to complete
2025-10-21T01:45:32.967+05:30  INFO 5539 --- [tomcat-shutdown] o.s.b.w.e.tomcat.GracefulShutdown        : Graceful shutdown complete
2025-10-21T01:45:32.975+05:30  INFO 5539 --- [SpringApplicationShutdownHook] j.LocalContainerEntityManagerFactoryBean : Closing JPA EntityManagerFactory for persistence unit 'default'
2025-10-21T01:45:32.980+05:30  INFO 5539 --- [SpringApplicationShutdownHook] com.zaxxer.hikari.HikariDataSource       : HikariPool-1 - Shutdown initiated...
2025-10-21T01:45:32.987+05:30  INFO 5539 --- [SpringApplicationShutdownHook] com.zaxxer.hikari.HikariDataSource       : HikariPool-1 - Shutdown completed.
2025-10-21T01:45:37.681+05:30  INFO 5837 --- [main] c.e.ecommerce.EcommerceApplication       : Starting EcommerceApplication using Java 17.0.16 with PID 5837 (/Users/juheesaxena/ShopEase-Ecommerce/target/classes started by juheesaxena in /Users/juheesaxena/ShopEase-Ecommerce)
2025-10-21T01:45:37.682+05:30 DEBUG 5837 --- [main] c.e.ecommerce.EcommerceApplication       : Running with Spring Boot v3.4.4, Spring v6.2.5
2025-10-21T01:45:37.682+05:30  INFO 5837 --- [main] c.e.ecommerce.EcommerceApplication       : No active profile set, falling back to 1 default profile: "default"
2025-10-21T01:45:37.910+05:30  INFO 5837 --- [main] .s.d.r.c.RepositoryConfigurationDelegate : Bootstrapping Spring Data JPA repositories in DEFAULT mode.
2025-10-21T01:45:37.939+05:30  INFO 5837 --- [main] .s.d.r.c.RepositoryConfigurationDelegate : Finished Spring Data repository scanning in 26 ms. Found 13 JPA repository interfaces.
2025-10-21T01:45:38.123+05:30  INFO 5837 --- [main] o.s.b.w.embedded.tomcat.TomcatWebServer  : Tomcat initialized with port 8080 (http)
2025-10-21T01:45:38.129+05:30  INFO 5837 --- [main] o.apache.catalina.core.StandardService   : Starting service [Tomcat]
2025-10-21T01:45:38.129+05:30  INFO 5837 --- [main] o.apache.catalina.core.StandardEngine    : Starting Servlet engine: [Apache Tomcat/10.1.39]
2025-10-21T01:45:38.148+05:30  INFO 5837 --- [main] o.a.c.c.C.[Tomcat].[localhost].[/]       : Initializing Spring embedded WebApplicationContext
2025-10-21T01:45:38.148+05:30  INFO 5837 --- [main] w.s.c.ServletWebServerApplicationContext : Root WebApplicationContext: initialization completed in 451 ms
2025-10-21T01:45:38.204+05:30  INFO 5837 --- [main] o.hibernate.jpa.internal.util.LogHelper  : HHH000204: Processing PersistenceUnitInfo [name: default]
2025-10-21T01:45:38.232+05:30  INFO 5837 --- [main] org.hibernate.Version                    : HHH000412: Hibernate ORM core version 6.6.11.Final
2025-10-21T01:45:38.242+05:30  INFO 5837 --- [main] o.h.c.internal.RegionFactoryInitiator    : HHH000026: Second-level cache disabled
2025-10-21T01:45:38.326+05:30  INFO 5837 --- [main] o.s.o.j.p.SpringPersistenceUnitInfo      : No LoadTimeWeaver setup: ignoring JPA class transformer
2025-10-21T01:45:38.336+05:30  INFO 5837 --- [main] com.zaxxer.hikari.HikariDataSource       : HikariPool-1 - Starting...
2025-10-21T01:45:38.400+05:30  INFO 5837 --- [main] com.zaxxer.hikari.pool.HikariPool        : HikariPool-1 - Added connection com.mysql.cj.jdbc.ConnectionImpl@6cbdd1c5
2025-10-21T01:45:38.400+05:30  INFO 5837 --- [main] com.zaxxer.hikari.HikariDataSource       : HikariPool-1 - Start completed.
2025-10-21T01:45:38.419+05:30  WARN 5837 --- [main] org.hibernate.orm.deprecation            : HHH90000025: MySQL8Dialect does not need to be specified explicitly using 'hibernate.dialect' (remove the property setting and it will be selected by default)
2025-10-21T01:45:38.420+05:30  WARN 5837 --- [main] org.hibernate.orm.deprecation            : HHH90000026: MySQL8Dialect has been deprecated; use org.hibernate.dialect.MySQLDialect instead
2025-10-21T01:45:38.426+05:30  INFO 5837 --- [main] org.hibernate.orm.connections.pooling    : HHH10001005: Database info:
	Database JDBC URL [Connecting through datasource 'HikariDataSource (HikariPool-1)']
	Database driver: undefined/unknown
	Database version: 8.0
	Autocommit mode: undefined/unknown
	Isolation level: undefined/unknown
	Minimum pool size: undefined/unknown
	Maximum pool size: undefined/unknown
2025-10-21T01:45:38.774+05:30  INFO 5837 --- [main] o.h.e.t.j.p.i.JtaPlatformInitiator       : HHH000489: No JTA platform available (set 'hibernate.transaction.jta.platform' to enable JTA platform integration)
2025-10-21T01:45:38.843+05:30  INFO 5837 --- [main] j.LocalContainerEntityManagerFactoryBean : Initialized JPA EntityManagerFactory for persistence unit 'default'
2025-10-21T01:45:38.924+05:30  INFO 5837 --- [main] o.s.d.j.r.query.QueryEnhancerFactory     : Hibernate is in classpath; If applicable, HQL parser will be used.
2025-10-21T01:45:39.818+05:30  WARN 5837 --- [main] JpaBaseConfiguration$JpaWebConfiguration : spring.jpa.open-in-view is enabled by default. Therefore, database queries may be performed during view rendering. Explicitly configure spring.jpa.open-in-view to disable this warning
2025-10-21T01:45:39.823+05:30  WARN 5837 --- [main] r$InitializeUserDetailsManagerConfigurer : Global AuthenticationManager configured with an AuthenticationProvider bean. UserDetailsService beans will not be used by Spring Security for automatically configuring username/password login. Consider removing the AuthenticationProvider bean. Alternatively, consider using the UserDetailsService in a manually instantiated DaoAuthenticationProvider. If the current configuration is intentional, to turn off this warning, increase the logging level of 'org.springframework.security.config.annotation.authentication.configuration.InitializeUserDetailsBeanManagerConfigurer' to ERROR
2025-10-21T01:45:40.010+05:30  INFO 5837 --- [main] o.s.b.w.embedded.tomcat.TomcatWebServer  : Tomcat started on port 8080 (http) with context path '/'
2025-10-21T01:45:40.014+05:30  INFO 5837 --- [main] c.e.ecommerce.EcommerceApplication       : Started EcommerceApplication in 2.475 seconds (process running for 2.585)
2025-10-21T01:45:44.653+05:30  INFO 5837 --- [http-nio-8080-exec-1] o.a.c.c.C.[Tomcat].[localhost].[/]       : Initializing Spring DispatcherServlet 'dispatcherServlet'
2025-10-21T01:45:44.653+05:30  INFO 5837 --- [http-nio-8080-exec-1] o.s.web.servlet.DispatcherServlet        : Initializing Servlet 'dispatcherServlet'
2025-10-21T01:45:44.654+05:30  INFO 5837 --- [http-nio-8080-exec-1] o.s.web.servlet.DispatcherServlet        : Completed initialization in 1 ms
2025-10-21T01:46:24.644+05:30 DEBUG 5837 --- [http-nio-8080-exec-9] e.e.c.CustomAuthenticationFailureHandler : Sending 401 Unauthorized error
2025-10-21T01:48:33.605+05:30  INFO 5837 --- [SpringApplicationShutdownHook] o.s.b.w.e.tomcat.GracefulShutdown        : Commencing graceful shutdown. Waiting for active requests to complete
2025-10-21T01:48:33.609+05:30  INFO 5837 --- [tomcat-shutdown] o.s.b.w.e.tomcat.GracefulShutdown        : Graceful shutdown complete
2025-10-21T01:48:33.616+05:30  INFO 5837 --- [SpringApplicationShutdownHook] j.LocalContainerEntityManagerFactoryBean : Closing JPA EntityManagerFactory for persistence unit 'default'
2025-10-21T01:48:33.619+05:30  INFO 5837 --- [SpringApplicationShutdownHook] com.zaxxer.hikari.HikariDataSource       : HikariPool-1 - Shutdown initiated...
2025-10-21T01:48:33.623+05:30  INFO 5837 --- [SpringApplicationShutdownHook] com.zaxxer.hikari.HikariDataSource       : HikariPool-1 - Shutdown completed.
2025-10-21T01:48:39.253+05:30  INFO 5918 --- [main] c.e.ecommerce.EcommerceApplication       : Starting EcommerceApplication using Java 17.0.16 with PID 5918 (/Users/juheesaxena/ShopEase-Ecommerce/target/classes started by juheesaxena in /Users/juheesaxena/ShopEase-Ecommerce)
2025-10-21T01:48:39.254+05:30 DEBUG 5918 --- [main] c.e.ecommerce.EcommerceApplication       : Running with Spring Boot v3.4.4, Spring v6.2.5
2025-10-21T01:48:39.254+05:30  INFO 5918 --- [main] c.e.ecommerce.EcommerceApplication       : No active profile set, falling back to 1 default profile: "default"
2025-10-21T01:48:39.468+05:30  INFO 5918 --- [main] .s.d.r.c.RepositoryConfigurationDelegate : Bootstrapping Spring Data JPA repositories in DEFAULT mode.
2025-10-21T01:48:39.498+05:30  INFO 5918 --- [main] .s.d.r.c.RepositoryConfigurationDelegate : Finished Spring Data repository scanning in 26 ms. Found 13 JPA repository interfaces.
2025-10-21T01:48:39.670+05:30  INFO 5918 --- [main] o.s.b.w.embedded.tomcat.TomcatWebServer  : Tomcat initialized with port 8080 (http)
2025-10-21T01:48:39.675+05:30  INFO 5918 --- [main] o.apache.catalina.core.StandardService   : Starting service [Tomcat]
2025-10-21T01:48:39.675+05:30  INFO 5918 --- [main] o.apache.catalina.core.StandardEngine    : Starting Servlet engine: [Apache Tomcat/10.1.39]
2025-10-21T01:48:39.691+05:30  INFO 5918 --- [main] o.a.c.c.C.[Tomcat].[localhost].[/]       : Initializing Spring embedded WebApplicationContext
2025-10-21T01:48:39.692+05:30  INFO 5918 --- [main] w.s.c.ServletWebServerApplicationContext : Root WebApplicationContext: initialization completed in 425 ms
2025-10-21T01:48:39.743+05:30  INFO 5918 --- [main] o.hibernate.jpa.internal.util.LogHelper  : HHH000204: Processing PersistenceUnitInfo [name: default]
2025-10-21T01:48:39.763+05:30  INFO 5918 --- [main] org.hibernate.Version                    : HHH000412: Hibernate ORM core version 6.6.11.Final
2025-10-21T01:48:39.776+05:30  INFO 5918 --- [main] o.h.c.internal.RegionFactoryInitiator    : HHH000026: Second-level cache disabled
2025-10-21T01:48:39.859+05:30  INFO 5918 --- [main] o.s.o.j.p.SpringPersistenceUnitInfo      : No LoadTimeWeaver setup: ignoring JPA class transformer
2025-10-21T01:48:39.870+05:30  INFO 5918 --- [main] com.zaxxer.hikari.HikariDataSource       : HikariPool-1 - Starting...
2025-10-21T01:48:39.937+05:30  INFO 5918 --- [main] com.zaxxer.hikari.pool.HikariPool        : HikariPool-1 - Added connection com.mysql.cj.jdbc.ConnectionImpl@6cbdd1c5
2025-10-21T01:48:39.938+05:30  INFO 5918 --- [main] com.zaxxer.hikari.HikariDataSource       : HikariPool-1 - Start completed.
2025-10-21T01:48:39.955+05:30  WARN 5918 --- [main] org.hibernate.orm.deprecation            : HHH90000025: MySQL8Dialect does not need to be specified explicitly using 'hibernate.dialect' (remove the property setting and it will be selected by default)
2025-10-21T01:48:39.955+05:30  WARN 5918 --- [main] org.hibernate.orm.deprecation            : HHH90000026: MySQL8Dialect has been deprecated; use org.hibernate.dialect.MySQLDialect instead
2025-10-21T01:48:39.961+05:30  INFO 5918 --- [main] org.hibernate.orm.connections.pooling    : HHH10001005: Database info:
	Database JDBC URL [Connecting through datasource 'HikariDataSource (HikariPool-1)']
	Database driver: undefined/unknown
	Database version: 8.0
	Autocommit mode: undefined/unknown
	Isolation level: undefined/unknown
	Minimum pool size: undefined/unknown
	Maximum pool size: undefined/unknown
2025-10-21T01:48:40.349+05:30  INFO 5918 --- [main] o.h.e.t.j.p.i.JtaPlatformInitiator       : HHH000489: No JTA platform available (set 'hibernate.transaction.jta.platform' to enable JTA platform integration)
2025-10-21T01:48:40.420+05:30  INFO 5918 --- [main] j.LocalContainerEntityManagerFactoryBean : Initialized JPA EntityManagerFactory for persistence unit 'default'
2025-10-21T01:48:40.508+05:30  INFO 5918 --- [main] o.s.d.j.r.query.QueryEnhancerFactory     : Hibernate is in classpath; If applicable, HQL parser will be used.
2025-10-21T01:48:41.495+05:30  WARN 5918 --- [main] JpaBaseConfiguration$JpaWebConfiguration : spring.jpa.open-in-view is enabled by default. Therefore, database queries may be performed during view rendering. Explicitly configure spring.jpa.open-in-view to disable this warning
2025-10-21T01:48:41.500+05:30  WARN 5918 --- [main] r$InitializeUserDetailsManagerConfigurer : Global AuthenticationManager configured with an AuthenticationProvider bean. UserDetailsService beans will not be used by Spring Security for automatically configuring username/password login. Consider removing the AuthenticationProvider bean. Alternatively, consider using the UserDetailsService in a manually instantiated DaoAuthenticationProvider. If the current configuration is intentional, to turn off this warning, increase the logging level of 'org.springframework.security.config.annotation.authentication.configuration.InitializeUserDetailsBeanManagerConfigurer' to ERROR
2025-10-21T01:48:41.679+05:30  INFO 5918 --- [main] o.s.b.w.embedded.tomcat.TomcatWebServer  : Tomcat started on port 8080 (http) with context path '/'
2025-10-21T01:48:41.683+05:30  INFO 5918 --- [main] c.e.ecommerce.EcommerceApplication       : Started EcommerceApplication in 2.563 seconds (process running for 2.674)
2025-10-21T01:48:45.129+05:30  INFO 5918 --- [http-nio-8080-exec-1] o.a.c.c.C.[Tomcat].[localhost].[/]       : Initializing Spring DispatcherServlet 'dispatcherServlet'
2025-10-21T01:48:45.129+05:30  INFO 5918 --- [http-nio-8080-exec-1] o.s.web.servlet.DispatcherServlet        : Initializing Servlet 'dispatcherServlet'
2025-10-21T01:48:45.130+05:30  INFO 5918 --- [http-nio-8080-exec-1] o.s.web.servlet.DispatcherServlet        : Completed initialization in 1 ms
2025-10-21T01:50:39.047+05:30 DEBUG 5918 --- [http-nio-8080-exec-5] e.e.c.CustomAuthenticationFailureHandler : Sending 401 Unauthorized error
2025-10-21T01:51:22.407+05:30  INFO 5918 --- [SpringApplicationShutdownHook] o.s.b.w.e.tomcat.GracefulShutdown        : Commencing graceful shutdown. Waiting for active requests to complete
2025-10-21T01:51:22.412+05:30  INFO 5918 --- [tomcat-shutdown] o.s.b.w.e.tomcat.GracefulShutdown        : Graceful shutdown complete
2025-10-21T01:51:22.418+05:30  INFO 5918 --- [SpringApplicationShutdownHook] j.LocalContainerEntityManagerFactoryBean : Closing JPA EntityManagerFactory for persistence unit 'default'
2025-10-21T01:51:22.420+05:30  INFO 5918 --- [SpringApplicationShutdownHook] com.zaxxer.hikari.HikariDataSource       : HikariPool-1 - Shutdown initiated...
2025-10-21T01:51:22.425+05:30  INFO 5918 --- [SpringApplicationShutdownHook] com.zaxxer.hikari.HikariDataSource       : HikariPool-1 - Shutdown completed.
